NAME,COLLECTION,RARITY,WEAPON,PRICE_BS,PRICE_WW,PRICE_FT,PRICE_MW,PRICE_FN,PRICE_BS_ST,PRICE_WW_ST,PRICE_FT_ST,PRICE_MW_ST,PRICE_BS_ST
Army Sheen,Ancient Collection,Consumer Grade,Nova,-1,-1,-1,-1,-1,-1,-1,-1,-1,-1
Lush Ruins,Ancient Collection,Consumer Grade,SG 553,-1,-1,-1,-1,-1,-1,-1,-1,-1,-1
Ancient Earth,Ancient Collection,Consumer Grade,P90,-1,-1,-1,-1,-1,-1,-1,-1,-1,-1
Jungle Dashed,Ancient Collection,Consumer Grade,SSG 08,-1,-1,-1,-1,-1,-1,-1,-1,-1,-1
Night,Ancient Collection,Consumer Grade,R8 Revolver,-1,-1,-1,-1,-1,-1,-1,-1,-1,-1
Tall Grass,Ancient Collection,Industrial Grade,MP7,-1,-1,-1,-1,-1,-1,-1,-1,-1,-1
Panther Camo,Ancient Collection,Industrial Grade,P2000,-1,-1,-1,-1,-1,-1,-1,-1,-1,-1
Ancient Ritual,Ancient Collection,Industrial Grade,G3SG1,-1,-1,-1,-1,-1,-1,-1,-1,-1,-1
Silver,Ancient Collection,Industrial Grade,CZ75-Auto,-1,-1,-1,-1,-1,-1,-1,-1,-1,-1
Dark Water,Ancient Collection,Mil-Spec,FAMAS,-1,-1,-1,-1,-1,-1,-1,-1,-1,-1
Dusk Ruins,Ancient Collection,Mil-Spec,Galil AR,-1,-1,-1,-1,-1,-1,-1,-1,-1,-1
Carved Jade,Ancient Collection,Mil-Spec,AUG,-1,-1,-1,-1,-1,-1,-1,-1,-1,-1
Blast From the Past,Ancient Collection,Mil-Spec,Tec-9,-1,-1,-1,-1,-1,-1,-1,-1,-1,-1
Ancient Lore,Ancient Collection,Restricted,XM1014,-1,-1,-1,-1,-1,-1,-1,-1,-1,-1
Gold Brick,Ancient Collection,Restricted,MAC-10,-1,-1,-1,-1,-1,-1,-1,-1,-1,-1
Ancient Visions,Ancient Collection,Restricted,USP-S,-1,-1,-1,-1,-1,-1,-1,-1,-1,-1
Run and Hide,Ancient Collection,Classified,P90,-1,-1,-1,-1,-1,-1,-1,-1,-1,-1
Panthera onca,Ancient Collection,Classified,AK-47,-1,-1,-1,-1,-1,-1,-1,-1,-1,-1
Welcome to the Jungle,Ancient Collection,Covert,M4A1-S,-1,-1,-1,-1,-1,-1,-1,-1,-1,-1
Tornado,Assault Collection,Consumer Grade,SG 553,-1,-1,-1,-1,-1,-1,-1,-1,-1,-1
Caramel,Assault Collection,Consumer Grade,UMP-45,-1,-1,-1,-1,-1,-1,-1,-1,-1,-1
Candy Apple ,Assault Collection,Industrial Grade,Five-SeveN,-1,-1,-1,-1,-1,-1,-1,-1,-1,-1
Hot Rod,Assault Collection,Mil-Spec,AUG,-1,-1,-1,-1,-1,-1,-1,-1,-1,-1
Anodized Navy,Assault Collection,Mil-Spec,Negev,-1,-1,-1,-1,-1,-1,-1,-1,-1,-1
Bulldozer,Assault Collection,Restricted,MP9,-1,-1,-1,-1,-1,-1,-1,-1,-1,-1
Fade,Assault Collection,Restricted,Glock-18,-1,-1,-1,-1,-1,-1,-1,-1,-1,-1
Forest Leaves,Aztec Collection,Consumer Grade,Nova,-1,-1,-1,-1,-1,-1,-1,-1,-1,-1
Jungle,Aztec Collection,Consumer Grade,Five-SeveN,-1,-1,-1,-1,-1,-1,-1,-1,-1,-1
Lichen Dashed,Aztec Collection,Consumer Grade,SSG 08,-1,-1,-1,-1,-1,-1,-1,-1,-1,-1
Jungle Spray,Aztec Collection,Industrial Grade,AK-47,-1,-1,-1,-1,-1,-1,-1,-1,-1,-1
Jungle Tiger,Aztec Collection,Industrial Grade,M4A4,-1,-1,-1,-1,-1,-1,-1,-1,-1,-1
Ossified,Aztec Collection,Mil-Spec,Tec-9,-1,-1,-1,-1,-1,-1,-1,-1,-1,-1
Contractor,Baggage Collection,Consumer Grade,G3SG1,-1,-1,-1,-1,-1,-1,-1,-1,-1,-1
Olive Plaid,Baggage Collection,Consumer Grade,MP7,-1,-1,-1,-1,-1,-1,-1,-1,-1,-1
Green Plaid,Baggage Collection,Consumer Grade,CZ75-Auto,-1,-1,-1,-1,-1,-1,-1,-1,-1,-1
Green Plaid,Baggage Collection,Consumer Grade,MP9,-1,-1,-1,-1,-1,-1,-1,-1,-1,-1
Sand Dune,Baggage Collection,Consumer Grade,SSG 08,-1,-1,-1,-1,-1,-1,-1,-1,-1,-1
Traveler,Baggage Collection,Industrial Grade,SG 553,-1,-1,-1,-1,-1,-1,-1,-1,-1,-1
Leather,Baggage Collection,Industrial Grade,P90,-1,-1,-1,-1,-1,-1,-1,-1,-1,-1
Commuter,Baggage Collection,Industrial Grade,MAC-10,-1,-1,-1,-1,-1,-1,-1,-1,-1,-1
Coach Class,Baggage Collection,Industrial Grade,P2000,-1,-1,-1,-1,-1,-1,-1,-1,-1,-1
First Class,Baggage Collection,Mil-Spec,Sawed-Off,-1,-1,-1,-1,-1,-1,-1,-1,-1,-1
Business Class,Baggage Collection,Mil-Spec,USP-S,-1,-1,-1,-1,-1,-1,-1,-1,-1,-1
Red Leather,Baggage Collection,Mil-Spec,XM1014,-1,-1,-1,-1,-1,-1,-1,-1,-1,-1
First Class,Baggage Collection,Restricted,AK-47,-1,-1,-1,-1,-1,-1,-1,-1,-1,-1
Pilot,Baggage Collection,Restricted,Desert Eagle,-1,-1,-1,-1,-1,-1,-1,-1,-1,-1
Jet Set,Baggage Collection,Classified,AK-47,-1,-1,-1,-1,-1,-1,-1,-1,-1,-1
Urban DDPAT,Bank Collection,Consumer Grade,Tec-9,-1,-1,-1,-1,-1,-1,-1,-1,-1,-1
Army Sheen,Bank Collection,Consumer Grade,SG 553,-1,-1,-1,-1,-1,-1,-1,-1,-1,-1
Forest DDPAT,Bank Collection,Consumer Grade,Sawed-Off,-1,-1,-1,-1,-1,-1,-1,-1,-1,-1
Army Sheen,Bank Collection,Consumer Grade,Negev,-1,-1,-1,-1,-1,-1,-1,-1,-1,-1
Forest DDPAT,Bank Collection,Consumer Grade,MP7,-1,-1,-1,-1,-1,-1,-1,-1,-1,-1
Bone Mask,Bank Collection,Consumer Grade,R8 Revolver,-1,-1,-1,-1,-1,-1,-1,-1,-1,-1
Carbon Fiber,Bank Collection,Industrial Grade,UMP-45,-1,-1,-1,-1,-1,-1,-1,-1,-1,-1
Caged Steel,Bank Collection,Industrial Grade,Nova,-1,-1,-1,-1,-1,-1,-1,-1,-1,-1
Silver,Bank Collection,Industrial Grade,MAC-10,-1,-1,-1,-1,-1,-1,-1,-1,-1,-1
Death Rattle,Bank Collection,Industrial Grade,Glock-18,-1,-1,-1,-1,-1,-1,-1,-1,-1,-1
Green Apple,Bank Collection,Industrial Grade,G3SG1,-1,-1,-1,-1,-1,-1,-1,-1,-1,-1
Tuxedo,Bank Collection,Mil-Spec,Galil AR,-1,-1,-1,-1,-1,-1,-1,-1,-1,-1
Meteorite,Bank Collection,Mil-Spec,Desert Eagle,-1,-1,-1,-1,-1,-1,-1,-1,-1,-1
Tuxedo,Bank Collection,Mil-Spec,CZ75-Auto,-1,-1,-1,-1,-1,-1,-1,-1,-1,-1
Emerald Pinstripe,Bank Collection,Restricted,AK-47,-1,-1,-1,-1,-1,-1,-1,-1,-1,-1
Franklin,Bank Collection,Classified,P250,-1,-1,-1,-1,-1,-1,-1,-1,-1,-1
Lab Rats,Blacksite Collection,Restricted,MP5-SD,-1,-1,-1,-1,-1,-1,-1,-1,-1,-1
Nuclear Waste,Cache Collection,Industrial Grade,Negev,-1,-1,-1,-1,-1,-1,-1,-1,-1,-1
Contamination,Cache Collection,Industrial Grade,P250,-1,-1,-1,-1,-1,-1,-1,-1,-1,-1
Radiation Hazard,Cache Collection,Industrial Grade,AUG,-1,-1,-1,-1,-1,-1,-1,-1,-1,-1
Chemical Green,Cache Collection,Industrial Grade,PP-Bizon,-1,-1,-1,-1,-1,-1,-1,-1,-1,-1
Fallout Warning,Cache Collection,Industrial Grade,SG 553,-1,-1,-1,-1,-1,-1,-1,-1,-1,-1
Hot Shot,Cache Collection,Industrial Grade,Five-SeveN,-1,-1,-1,-1,-1,-1,-1,-1,-1,-1
Reactor,Cache Collection,Mil-Spec,Glock-18,-1,-1,-1,-1,-1,-1,-1,-1,-1,-1
Setting Sun,Cache Collection,Mil-Spec,MP9,-1,-1,-1,-1,-1,-1,-1,-1,-1,-1
Bone Machine,Cache Collection,Mil-Spec,XM1014,-1,-1,-1,-1,-1,-1,-1,-1,-1,-1
Nuclear Garden,Cache Collection,Mil-Spec,MAC-10,-1,-1,-1,-1,-1,-1,-1,-1,-1,-1
Toxic,Cache Collection,Mil-Spec,Tec-9,-1,-1,-1,-1,-1,-1,-1,-1,-1,-1
Styx,Cache Collection,Restricted,FAMAS,-1,-1,-1,-1,-1,-1,-1,-1,-1,-1
Cerberus,Cache Collection,Restricted,Galil AR,-1,-1,-1,-1,-1,-1,-1,-1,-1,-1
Indigo,Canals Collection,Consumer Grade,CZ75-Auto,-1,-1,-1,-1,-1,-1,-1,-1,-1,-1
Navy Murano,Canals Collection,Consumer Grade,AUG,-1,-1,-1,-1,-1,-1,-1,-1,-1,-1
Canal Spray,Canals Collection,Consumer Grade,R8 Revolver,-1,-1,-1,-1,-1,-1,-1,-1,-1,-1
Boroque Sand,Canals Collection,Consumer Grade,Negev,-1,-1,-1,-1,-1,-1,-1,-1,-1,-1
Stone Mosaico,Canals Collection,Consumer Grade,SCAR-20,-1,-1,-1,-1,-1,-1,-1,-1,-1,-1
Baroque Purple,Canals Collection,Industrial Grade,AK-47,-1,-1,-1,-1,-1,-1,-1,-1,-1,-1
Candy Apple,Canals Collection,Industrial Grade,SG 553,-1,-1,-1,-1,-1,-1,-1,-1,-1,-1
Orange Murano,Canals Collection,Industrial Grade,Tec-9,-1,-1,-1,-1,-1,-1,-1,-1,-1,-1
Dark Filigree,Canals Collection,Industrial Grade,P250,-1,-1,-1,-1,-1,-1,-1,-1,-1,-1
Emerald,Canals Collection,Mil-Spec,Dual Berettas,-1,-1,-1,-1,-1,-1,-1,-1,-1,-1
Baroque Red,Canals Collection,Mil-Spec,P90,-1,-1,-1,-1,-1,-1,-1,-1,-1,-1
Orange Filigree,Canals Collection,Mil-Spec,SSG 08,-1,-1,-1,-1,-1,-1,-1,-1,-1,-1
Violet Murano,Canals Collection,Mil-Spec,G3SG1,-1,-1,-1,-1,-1,-1,-1,-1,-1,-1
Red Filigree,Canals Collection,Restricted,MAC-10,-1,-1,-1,-1,-1,-1,-1,-1,-1,-1
Baroque Orange,Canals Collection,Restricted,Nova,-1,-1,-1,-1,-1,-1,-1,-1,-1,-1
Stained Glass,Canals Collection,Restricted,MP9,-1,-1,-1,-1,-1,-1,-1,-1,-1,-1
Cinquedea,Canals Collection,Restricted,MAG-7,-1,-1,-1,-1,-1,-1,-1,-1,-1,-1
The Prince,Canals Collection,Covert,AWP,-1,-1,-1,-1,-1,-1,-1,-1,-1,-1
Storm,Cobblestone Collection,Consumer Grade,P90,-1,-1,-1,-1,-1,-1,-1,-1,-1,-1
Indigo,Cobblestone Collection,Consumer Grade,UMP-45,-1,-1,-1,-1,-1,-1,-1,-1,-1,-1
Indigo,Cobblestone Collection,Consumer Grade,MAC-10,-1,-1,-1,-1,-1,-1,-1,-1,-1,-1
Storm,Cobblestone Collection,Consumer Grade,SCAR-20,-1,-1,-1,-1,-1,-1,-1,-1,-1,-1
Briar,Cobblestone Collection,Consumer Grade,Dual Berettas,-1,-1,-1,-1,-1,-1,-1,-1,-1,-1
Royal Blue,Cobblestone Collection,Industrial Grade,USP-S,-1,-1,-1,-1,-1,-1,-1,-1,-1,-1
Green Apple,Cobblestone Collection,Industrial Grade,Nova,-1,-1,-1,-1,-1,-1,-1,-1,-1,-1
Silver,Cobblestone Collection,Industrial Grade,MAG-7,-1,-1,-1,-1,-1,-1,-1,-1,-1,-1
Rust Coat,Cobblestone Collection,Industrial Grade,Sawed-Off,-1,-1,-1,-1,-1,-1,-1,-1,-1,-1
Chainmail,Cobblestone Collection,Mil-Spec,P2000,-1,-1,-1,-1,-1,-1,-1,-1,-1,-1
Dark Age,Cobblestone Collection,Mil-Spec,MP9,-1,-1,-1,-1,-1,-1,-1,-1,-1,-1
Hand Cannon,Cobblestone Collection,Restricted,Desert Eagle,-1,-1,-1,-1,-1,-1,-1,-1,-1,-1
Chalice,Cobblestone Collection,Restricted,CZ75-Auto,-1,-1,-1,-1,-1,-1,-1,-1,-1,-1
Knight,Cobblestone Collection,Classified,M4A1-S,-1,-1,-1,-1,-1,-1,-1,-1,-1,-1
Dragon Lore,Cobblestone Collection,Covert,AWP,-1,-1,-1,-1,-1,-1,-1,-1,-1,-1
Desert Storm,Dust Collection,Industrial Grade,M4A4,-1,-1,-1,-1,-1,-1,-1,-1,-1,-1
Palm,Dust Collection,Industrial Grade,SCAR-20,-1,-1,-1,-1,-1,-1,-1,-1,-1,-1
Predator,Dust Collection,Industrial Grade,AK-47,-1,-1,-1,-1,-1,-1,-1,-1,-1,-1
Snake Camo,Dust Collection,Mil-Spec,AWP,-1,-1,-1,-1,-1,-1,-1,-1,-1,-1
Copperhead,Dust Collection,Mil-Spec,AUG,-1,-1,-1,-1,-1,-1,-1,-1,-1,-1
Copper,Dust Collection,Mil-Spec,Sawed-Off,-1,-1,-1,-1,-1,-1,-1,-1,-1,-1
Blaze,Dust Collection,Restricted,Desert Eagle,-1,-1,-1,-1,-1,-1,-1,-1,-1,-1
Scorpion,Dust Collection,Restricted,P2000,-1,-1,-1,-1,-1,-1,-1,-1,-1,-1
Brass,Dust Collection,Restricted,Glock-18,-1,-1,-1,-1,-1,-1,-1,-1,-1,-1
Predator,Dust II Collection,Consumer Grade,Nova,-1,-1,-1,-1,-1,-1,-1,-1,-1,-1
Sand Dashed,Dust II Collection,Consumer Grade,MP9,-1,-1,-1,-1,-1,-1,-1,-1,-1,-1
Sand Spray,Dust II Collection,Consumer Grade,P90,-1,-1,-1,-1,-1,-1,-1,-1,-1,-1
Sand Mesh,Dust II Collection,Consumer Grade,SCAR-20,-1,-1,-1,-1,-1,-1,-1,-1,-1,-1
Sand Dune,Dust II Collection,Consumer Grade,P250,-1,-1,-1,-1,-1,-1,-1,-1,-1,-1
Desert Storm,Dust II Collection,Consumer Grade,G3SG1,-1,-1,-1,-1,-1,-1,-1,-1,-1,-1
VariCamo,Dust II Collection,Industrial Grade,Tec-9,-1,-1,-1,-1,-1,-1,-1,-1,-1,-1
Palm,Dust II Collection,Industrial Grade,MAC-10,-1,-1,-1,-1,-1,-1,-1,-1,-1,-1
Orange Peel,Dust II Collection,Industrial Grade,Five-SeveN,-1,-1,-1,-1,-1,-1,-1,-1,-1,-1
Safari Mesh,Dust II Collection,Industrial Grade,AK-47,-1,-1,-1,-1,-1,-1,-1,-1,-1,-1
Snake Camo,Dust II Collection,Industrial Grade,Sawed-Off,-1,-1,-1,-1,-1,-1,-1,-1,-1,-1
VariCamo,Dust II Collection,Mil-Spec,M4A1-S,-1,-1,-1,-1,-1,-1,-1,-1,-1,-1
Brass,Dust II Collection,Mil-Spec,PP-Bizon,-1,-1,-1,-1,-1,-1,-1,-1,-1,-1
Damascus Steel,Dust II Collection,Mil-Spec,SG 553,-1,-1,-1,-1,-1,-1,-1,-1,-1,-1
Amber Fade,Dust II Collection,Restricted,P2000,-1,-1,-1,-1,-1,-1,-1,-1,-1,-1
Amber Fade ,Dust II Collection,Classified,R8 Revolver,-1,-1,-1,-1,-1,-1,-1,-1,-1,-1
Sand Dune,Inferno Collection,Consumer Grade,MAG-7,-1,-1,-1,-1,-1,-1,-1,-1,-1,-1
Walnut,Inferno Collection,Consumer Grade,Nova,-1,-1,-1,-1,-1,-1,-1,-1,-1,-1
Gunsmoke,Inferno Collection,Industrial Grade,P250,-1,-1,-1,-1,-1,-1,-1,-1,-1,-1
Tornado,Inferno Collection,Industrial Grade,M4A4,-1,-1,-1,-1,-1,-1,-1,-1,-1,-1
Anodized Navy,Inferno Collection,Mil-Spec,Dual Berettas,-1,-1,-1,-1,-1,-1,-1,-1,-1,-1
Brass,Inferno Collection,Mil-Spec,Tec-9,-1,-1,-1,-1,-1,-1,-1,-1,-1,-1
Sand Dashed,Italy Collection,Consumer Grade,PP-Bizon,-1,-1,-1,-1,-1,-1,-1,-1,-1,-1
Sand Dune,Italy Collection,Consumer Grade,Nova,-1,-1,-1,-1,-1,-1,-1,-1,-1,-1
Colony,Italy Collection,Consumer Grade,FAMAS,-1,-1,-1,-1,-1,-1,-1,-1,-1,-1
Contractor,Italy Collection,Consumer Grade,AUG,-1,-1,-1,-1,-1,-1,-1,-1,-1,-1
Groundwater,Italy Collection,Consumer Grade,Tec-9,-1,-1,-1,-1,-1,-1,-1,-1,-1,-1
Candy Apple,Italy Collection,Industrial Grade,Nova,-1,-1,-1,-1,-1,-1,-1,-1,-1,-1
Stained,Italy Collection,Industrial Grade,Dual Berettas,-1,-1,-1,-1,-1,-1,-1,-1,-1,-1
Granite Marbleized,Italy Collection,Industrial Grade,P2000,-1,-1,-1,-1,-1,-1,-1,-1,-1,-1
Gunsmoke,Italy Collection,Industrial Grade,UMP-45,-1,-1,-1,-1,-1,-1,-1,-1,-1,-1
Boreal Forest,Italy Collection,Industrial Grade,M4A1-S,-1,-1,-1,-1,-1,-1,-1,-1,-1,-1
CaliCamo,Italy Collection,Industrial Grade,XM1014,-1,-1,-1,-1,-1,-1,-1,-1,-1,-1
Anodized Navy,Italy Collection,Mil-Spec,MP7,-1,-1,-1,-1,-1,-1,-1,-1,-1,-1
Candy Apple,Italy Collection,Mil-Spec,Glock-18,-1,-1,-1,-1,-1,-1,-1,-1,-1,-1
Full Stop,Italy Collection,Mil-Spec,Sawed-Off,-1,-1,-1,-1,-1,-1,-1,-1,-1,-1
Pit Viper,Italy Collection,Restricted,AWP,-1,-1,-1,-1,-1,-1,-1,-1,-1,-1
Jungle Dashed,Lake Collection,Consumer Grade,G3SG1,-1,-1,-1,-1,-1,-1,-1,-1,-1,-1
Waves Perforated,Lake Collection,Consumer Grade,SG 553,-1,-1,-1,-1,-1,-1,-1,-1,-1,-1
Sage Spray,Lake Collection,Consumer Grade,Galil AR,-1,-1,-1,-1,-1,-1,-1,-1,-1,-1
Storm,Lake Collection,Consumer Grade,AUG,-1,-1,-1,-1,-1,-1,-1,-1,-1,-1
Blue Spruce,Lake Collection,Consumer Grade,XM1014,-1,-1,-1,-1,-1,-1,-1,-1,-1,-1
Boreal Forest,Lake Collection,Consumer Grade,P250,-1,-1,-1,-1,-1,-1,-1,-1,-1,-1
Blue Steel,Lake Collection,Industrial Grade,XM1014,-1,-1,-1,-1,-1,-1,-1,-1,-1,-1
Cyanospatter,Lake Collection,Industrial Grade,FAMAS,-1,-1,-1,-1,-1,-1,-1,-1,-1,-1
Night Ops,Lake Collection,Industrial Grade,PP-Bizon,-1,-1,-1,-1,-1,-1,-1,-1,-1,-1
Safari Mesh,Lake Collection,Industrial Grade,AWP,-1,-1,-1,-1,-1,-1,-1,-1,-1,-1
Mudder,Lake Collection,Industrial Grade,Desert Eagle,-1,-1,-1,-1,-1,-1,-1,-1,-1,-1
Anodized Navy,Lake Collection,Mil-Spec,SG 553,-1,-1,-1,-1,-1,-1,-1,-1,-1,-1
Teardown,Lake Collection,Mil-Spec,P90,-1,-1,-1,-1,-1,-1,-1,-1,-1,-1
Night Ops,Lake Collection,Mil-Spec,USP-S,-1,-1,-1,-1,-1,-1,-1,-1,-1,-1
Cobalt Quartz,Lake Collection,Restricted,Dual Berettas,-1,-1,-1,-1,-1,-1,-1,-1,-1,-1
Grassland,Militia Collection,Consumer Grade,XM1014,-1,-1,-1,-1,-1,-1,-1,-1,-1,-1
Tornado,Militia Collection,Consumer Grade,MAC-10,-1,-1,-1,-1,-1,-1,-1,-1,-1,-1
Forest Leaves,Militia Collection,Consumer Grade,PP-Bizon,-1,-1,-1,-1,-1,-1,-1,-1,-1,-1
Grassland Leaves ,Militia Collection,Industrial Grade,P2000,-1,-1,-1,-1,-1,-1,-1,-1,-1,-1
Modern Hunter,Militia Collection,Mil-Spec,Nova,-1,-1,-1,-1,-1,-1,-1,-1,-1,-1
Blaze Orange,Militia Collection,Mil-Spec,Nova,-1,-1,-1,-1,-1,-1,-1,-1,-1,-1
Modern Hunter,Militia Collection,Mil-Spec,P250,-1,-1,-1,-1,-1,-1,-1,-1,-1,-1
Blaze Orange,Militia Collection,Mil-Spec,XM1014,-1,-1,-1,-1,-1,-1,-1,-1,-1,-1
Modern Hunter,Militia Collection,Mil-Spec,PP-Bizon,-1,-1,-1,-1,-1,-1,-1,-1,-1,-1
Modern Hunter ,Militia Collection,Restricted,M4A4,-1,-1,-1,-1,-1,-1,-1,-1,-1,-1
Splash Jam,Militia Collection,Classified,SCAR-20,-1,-1,-1,-1,-1,-1,-1,-1,-1,-1
Hunting Blind,Mirage Collection,Consumer Grade,Galil AR,-1,-1,-1,-1,-1,-1,-1,-1,-1,-1
Scorched,Mirage Collection,Consumer Grade,P90,-1,-1,-1,-1,-1,-1,-1,-1,-1,-1
Safari Mesh,Mirage Collection,Consumer Grade,G3SG1,-1,-1,-1,-1,-1,-1,-1,-1,-1,-1
Colony,Mirage Collection,Consumer Grade,AUG,-1,-1,-1,-1,-1,-1,-1,-1,-1,-1
Contractor,Mirage Collection,Consumer Grade,Five-SeveN,-1,-1,-1,-1,-1,-1,-1,-1,-1,-1
Bone Mask,Mirage Collection,Consumer Grade,P250,-1,-1,-1,-1,-1,-1,-1,-1,-1,-1
Orange Peel,Mirage Collection,Industrial Grade,MP7,-1,-1,-1,-1,-1,-1,-1,-1,-1,-1
Groundwater,Mirage Collection,Industrial Grade,Glock-18,-1,-1,-1,-1,-1,-1,-1,-1,-1,-1
Gator Mesh,Mirage Collection,Industrial Grade,SG 553,-1,-1,-1,-1,-1,-1,-1,-1,-1,-1
Tropical Storm,Mirage Collection,Industrial Grade,SSG 08,-1,-1,-1,-1,-1,-1,-1,-1,-1,-1
CaliCamo,Mirage Collection,Industrial Grade,Negev,-1,-1,-1,-1,-1,-1,-1,-1,-1,-1
Hot Rod,Mirage Collection,Mil-Spec,MP9,-1,-1,-1,-1,-1,-1,-1,-1,-1,-1
Blaze,Mirage Collection,Mil-Spec,UMP-45,-1,-1,-1,-1,-1,-1,-1,-1,-1,-1
Amber Fade,Mirage Collection,Mil-Spec,MAC-10,-1,-1,-1,-1,-1,-1,-1,-1,-1,-1
Bulldozer,Mirage Collection,Restricted,MAG-7,-1,-1,-1,-1,-1,-1,-1,-1,-1,-1
Irradiated Alert,Nuke Collection,Consumer Grade,MAG-7,-1,-1,-1,-1,-1,-1,-1,-1,-1,-1
Irradiated Alert,Nuke Collection,Consumer Grade,Sawed-Off,-1,-1,-1,-1,-1,-1,-1,-1,-1,-1
Irradiated Alert,Nuke Collection,Consumer Grade,PP-Bizon,-1,-1,-1,-1,-1,-1,-1,-1,-1,-1
Fallout Warning,Nuke Collection,Industrial Grade,P90,-1,-1,-1,-1,-1,-1,-1,-1,-1,-1
Fallout Warning,Nuke Collection,Industrial Grade,UMP-45,-1,-1,-1,-1,-1,-1,-1,-1,-1,-1
Fallout Warning,Nuke Collection,Industrial Grade,XM1014,-1,-1,-1,-1,-1,-1,-1,-1,-1,-1
Radiation Hazard,Nuke Collection,Mil-Spec,M4A4,-1,-1,-1,-1,-1,-1,-1,-1,-1,-1
Nuclear Threat,Nuke Collection,Restricted,P250,-1,-1,-1,-1,-1,-1,-1,-1,-1,-1
Nuclear Threat,Nuke Collection,Restricted,Tec-9,-1,-1,-1,-1,-1,-1,-1,-1,-1,-1
Contrast Spray,Office Collection,Consumer Grade,FAMAS,-1,-1,-1,-1,-1,-1,-1,-1,-1,-1
Winter Forest,Office Collection,Industrial Grade,Galil AR,-1,-1,-1,-1,-1,-1,-1,-1,-1,-1
Arctic Camo,Office Collection,Industrial Grade,G3SG1,-1,-1,-1,-1,-1,-1,-1,-1,-1,-1
Blizzard Marbleized,Office Collection,Industrial Grade,M249,-1,-1,-1,-1,-1,-1,-1,-1,-1,-1
Silver,Office Collection,Mil-Spec,P2000,-1,-1,-1,-1,-1,-1,-1,-1,-1,-1
Whiteout,Office Collection,Mil-Spec,MP7,-1,-1,-1,-1,-1,-1,-1,-1,-1,-1
Sage Spray,Overpass Collection,Consumer Grade,Sawed-Off,-1,-1,-1,-1,-1,-1,-1,-1,-1,-1
Scorched,Overpass Collection,Consumer Grade,UMP-45,-1,-1,-1,-1,-1,-1,-1,-1,-1,-1
Contrast Spray,Overpass Collection,Consumer Grade,M249,-1,-1,-1,-1,-1,-1,-1,-1,-1,-1
Storm,Overpass Collection,Consumer Grade,MAG-7,-1,-1,-1,-1,-1,-1,-1,-1,-1,-1
Storm,Overpass Collection,Consumer Grade,MP9,-1,-1,-1,-1,-1,-1,-1,-1,-1,-1
Urban DDPAT,Overpass Collection,Industrial Grade,Desert Eagle,-1,-1,-1,-1,-1,-1,-1,-1,-1,-1
Gunsmoke,Overpass Collection,Industrial Grade,MP7,-1,-1,-1,-1,-1,-1,-1,-1,-1,-1
Night,Overpass Collection,Industrial Grade,Glock-18,-1,-1,-1,-1,-1,-1,-1,-1,-1,-1
Grassland,Overpass Collection,Industrial Grade,P2000,-1,-1,-1,-1,-1,-1,-1,-1,-1,-1
Nitro,Overpass Collection,Mil-Spec,CZ75-Auto,-1,-1,-1,-1,-1,-1,-1,-1,-1,-1
Detour,Overpass Collection,Mil-Spec,SSG 08,-1,-1,-1,-1,-1,-1,-1,-1,-1,-1
VariCamo Blue,Overpass Collection,Mil-Spec,XM1014,-1,-1,-1,-1,-1,-1,-1,-1,-1,-1
Pink DDPAT,Overpass Collection,Restricted,AWP,-1,-1,-1,-1,-1,-1,-1,-1,-1,-1
Road Rash,Overpass Collection,Restricted,USP-S,-1,-1,-1,-1,-1,-1,-1,-1,-1,-1
Master Piece,Overpass Collection,Classified,M4A1-S,-1,-1,-1,-1,-1,-1,-1,-1,-1,-1
Contractor,Safehouse Collection,Consumer Grade,Dual Berettas,-1,-1,-1,-1,-1,-1,-1,-1,-1,-1
Army Recon,Safehouse Collection,Consumer Grade,MP7,-1,-1,-1,-1,-1,-1,-1,-1,-1,-1
Army Mesh,Safehouse Collection,Consumer Grade,Tec-9,-1,-1,-1,-1,-1,-1,-1,-1,-1,-1
Blue Spruce,Safehouse Collection,Consumer Grade,SSG 08,-1,-1,-1,-1,-1,-1,-1,-1,-1,-1
Contractor,Safehouse Collection,Consumer Grade,SCAR-20,-1,-1,-1,-1,-1,-1,-1,-1,-1,-1
Orange Peel,Safehouse Collection,Industrial Grade,MP9,-1,-1,-1,-1,-1,-1,-1,-1,-1,-1
Condemned,Safehouse Collection,Industrial Grade,AUG,-1,-1,-1,-1,-1,-1,-1,-1,-1,-1
Forest Leaves,Safehouse Collection,Industrial Grade,USP-S,-1,-1,-1,-1,-1,-1,-1,-1,-1,-1
VariCamo,Safehouse Collection,Industrial Grade,Galil AR,-1,-1,-1,-1,-1,-1,-1,-1,-1,-1
Gator Mesh,Safehouse Collection,Industrial Grade,M249,-1,-1,-1,-1,-1,-1,-1,-1,-1,-1
VariCamo,Safehouse Collection,Industrial Grade,G3SG1,-1,-1,-1,-1,-1,-1,-1,-1,-1,-1
Teardown,Safehouse Collection,Mil-Spec,FAMAS,-1,-1,-1,-1,-1,-1,-1,-1,-1,-1
Silver Quartz,Safehouse Collection,Mil-Spec,Five-SeveN,-1,-1,-1,-1,-1,-1,-1,-1,-1,-1
Acid Fade,Safehouse Collection,Mil-Spec,SSG 08,-1,-1,-1,-1,-1,-1,-1,-1,-1,-1
Nitro,Safehouse Collection,Restricted,M4A1-S,-1,-1,-1,-1,-1,-1,-1,-1,-1,-1
Jungle,St. Marc Collection,Consumer Grade,M249,-1,-1,-1,-1,-1,-1,-1,-1,-1,-1
Bamboo Garden,St. Marc Collection,Consumer Grade,MP5-SD,-1,-1,-1,-1,-1,-1,-1,-1,-1,-1
Surfwood,St. Marc Collection,Consumer Grade,MAC-10,-1,-1,-1,-1,-1,-1,-1,-1,-1,-1
Seabird,St. Marc Collection,Consumer Grade,PP-Bizon,-1,-1,-1,-1,-1,-1,-1,-1,-1,-1
Jungle Thicket,St. Marc Collection,Consumer Grade,Sawed-Off,-1,-1,-1,-1,-1,-1,-1,-1,-1,-1
Dark Blossom,St. Marc Collection,Industrial Grade,M4A4,-1,-1,-1,-1,-1,-1,-1,-1,-1,-1
Sunset Lily,St. Marc Collection,Industrial Grade,P90,-1,-1,-1,-1,-1,-1,-1,-1,-1,-1
Rust Leaf,St. Marc Collection,Industrial Grade,Tec-9,-1,-1,-1,-1,-1,-1,-1,-1,-1,-1
Banana Leaf,St. Marc Collection,Industrial Grade,XM1014,-1,-1,-1,-1,-1,-1,-1,-1,-1,-1
Teal Blossom,St. Marc Collection,Mil-Spec,MP7,-1,-1,-1,-1,-1,-1,-1,-1,-1,-1
Crimson Blossom,St. Marc Collection,Mil-Spec,Five-SeveN,-1,-1,-1,-1,-1,-1,-1,-1,-1,-1
Sundown,St. Marc Collection,Mil-Spec,FAMAS,-1,-1,-1,-1,-1,-1,-1,-1,-1,-1
Day Lily,St. Marc Collection,Mil-Spec,UMP-45,-1,-1,-1,-1,-1,-1,-1,-1,-1,-1
Midnight Lily,St. Marc Collection,Restricted,AUG,-1,-1,-1,-1,-1,-1,-1,-1,-1,-1
Sea Calico,St. Marc Collection,Restricted,SSG 08,-1,-1,-1,-1,-1,-1,-1,-1,-1,-1
Synth Leaf,St. Marc Collection,Restricted,Glock-18,-1,-1,-1,-1,-1,-1,-1,-1,-1,-1
Wild Lily,St. Marc Collection,Classified,MP9,-1,-1,-1,-1,-1,-1,-1,-1,-1,-1
Wild Lotus,St. Marc Collection,Covert,AK-47,-1,-1,-1,-1,-1,-1,-1,-1,-1,-1
Urban Dashed,Train Collection,Consumer Grade,PP-Bizon,-1,-1,-1,-1,-1,-1,-1,-1,-1,-1
Polar Mesh,Train Collection,Consumer Grade,Nova,-1,-1,-1,-1,-1,-1,-1,-1,-1,-1
Forest Night,Train Collection,Consumer Grade,Five-SeveN,-1,-1,-1,-1,-1,-1,-1,-1,-1,-1
Polar Camo,Train Collection,Consumer Grade,G3SG1,-1,-1,-1,-1,-1,-1,-1,-1,-1,-1
Colony,Train Collection,Consumer Grade,Dual Berettas,-1,-1,-1,-1,-1,-1,-1,-1,-1,-1
Urban DDPAT,Train Collection,Consumer Grade,UMP-45,-1,-1,-1,-1,-1,-1,-1,-1,-1,-1
Urban DDPAT,Train Collection,Industrial Grade,M4A4,-1,-1,-1,-1,-1,-1,-1,-1,-1,-1
Candy Apple,Train Collection,Industrial Grade,MAC-10,-1,-1,-1,-1,-1,-1,-1,-1,-1,-1
Ash Wood,Train Collection,Industrial Grade,P90,-1,-1,-1,-1,-1,-1,-1,-1,-1,-1
Carbon Fiber,Train Collection,Industrial Grade,SCAR-20,-1,-1,-1,-1,-1,-1,-1,-1,-1,-1
Metallic DDPAT,Train Collection,Industrial Grade,MAG-7,-1,-1,-1,-1,-1,-1,-1,-1,-1,-1
Metallic DDPAT,Train Collection,Industrial Grade,P250,-1,-1,-1,-1,-1,-1,-1,-1,-1,-1
Amber Fade,Train Collection,Mil-Spec,Sawed-Off,-1,-1,-1,-1,-1,-1,-1,-1,-1,-1
Urban Rubble,Train Collection,Mil-Spec,Desert Eagle,-1,-1,-1,-1,-1,-1,-1,-1,-1,-1
Red Quartz,Train Collection,Restricted,Tec-9,-1,-1,-1,-1,-1,-1,-1,-1,-1,-1
Urban Perforated,Vertigo Collection,Consumer Grade,XM1014,-1,-1,-1,-1,-1,-1,-1,-1,-1,-1
Urban DDPAT,Vertigo Collection,Consumer Grade,MAC-10,-1,-1,-1,-1,-1,-1,-1,-1,-1,-1
Carbon Fiber,Vertigo Collection,Industrial Grade,PP-Bizon,-1,-1,-1,-1,-1,-1,-1,-1,-1,-1
Glacier Mesh,Vertigo Collection,Mil-Spec,P90,-1,-1,-1,-1,-1,-1,-1,-1,-1,-1
Black Laminate,Vertigo Collection,Mil-Spec,AK-47,-1,-1,-1,-1,-1,-1,-1,-1,-1,-1
Demolition,Vertigo Collection,Restricted,Dual Berettas,-1,-1,-1,-1,-1,-1,-1,-1,-1,-1
Rust Coat,2018 Inferno Collection,Consumer Grade,MAG-7,-1,-1,-1,-1,-1,-1,-1,-1,-1,-1
Sweeper,2018 Inferno Collection,Consumer Grade,AUG,-1,-1,-1,-1,-1,-1,-1,-1,-1,-1
Mudder,2018 Inferno Collection,Consumer Grade,UMP-45,-1,-1,-1,-1,-1,-1,-1,-1,-1,-1
Slide,2018 Inferno Collection,Consumer Grade,MP9,-1,-1,-1,-1,-1,-1,-1,-1,-1,-1
Dirt Drop,2018 Inferno Collection,Consumer Grade,MP5-SD,-1,-1,-1,-1,-1,-1,-1,-1,-1,-1
Candy Apple,2018 Inferno Collection,Industrial Grade,PP-Bizon,-1,-1,-1,-1,-1,-1,-1,-1,-1,-1
Calf Skin,2018 Inferno Collection,Industrial Grade,MAC-10,-1,-1,-1,-1,-1,-1,-1,-1,-1,-1
Nitro,2018 Inferno Collection,Industrial Grade,R8 Revolver,-1,-1,-1,-1,-1,-1,-1,-1,-1,-1
High Beam,2018 Inferno Collection,Industrial Grade,Glock-18,-1,-1,-1,-1,-1,-1,-1,-1,-1,-1
Brake Light,2018 Inferno Collection,Mil-Spec,Sawed-Off,-1,-1,-1,-1,-1,-1,-1,-1,-1,-1
Hand Brake,2018 Inferno Collection,Mil-Spec,SSG 08,-1,-1,-1,-1,-1,-1,-1,-1,-1,-1
Check Engine,2018 Inferno Collection,Mil-Spec,USP-S,-1,-1,-1,-1,-1,-1,-1,-1,-1,-1
Converter,2018 Inferno Collection,Mil-Spec,M4A4,-1,-1,-1,-1,-1,-1,-1,-1,-1,-1
Vino Primo,2018 Inferno Collection,Restricted,P250,-1,-1,-1,-1,-1,-1,-1,-1,-1,-1
Fade,2018 Inferno Collection,Restricted,MP7,-1,-1,-1,-1,-1,-1,-1,-1,-1,-1
Safety Net,2018 Inferno Collection,Restricted,AK-47,-1,-1,-1,-1,-1,-1,-1,-1,-1,-1
Twin Turbo,2018 Inferno Collection,Classified,Dual Berettas,-1,-1,-1,-1,-1,-1,-1,-1,-1,-1
Integrale,2018 Inferno Collection,Classified,SG 553,-1,-1,-1,-1,-1,-1,-1,-1,-1,-1
Mandrel,2018 Nuke Collection,Consumer Grade,Nova,-1,-1,-1,-1,-1,-1,-1,-1,-1,-1
Facility Sketch,2018 Nuke Collection,Consumer Grade,PP-Bizon,-1,-1,-1,-1,-1,-1,-1,-1,-1,-1
Facility Dark,2018 Nuke Collection,Consumer Grade,UMP-45,-1,-1,-1,-1,-1,-1,-1,-1,-1,-1
Coolant,2018 Nuke Collection,Consumer Grade,Five-SeveN,-1,-1,-1,-1,-1,-1,-1,-1,-1,-1
Facility Draft,2018 Nuke Collection,Consumer Grade,P250,-1,-1,-1,-1,-1,-1,-1,-1,-1,-1
Motherboard,2018 Nuke Collection,Industrial Grade,MP7,-1,-1,-1,-1,-1,-1,-1,-1,-1,-1
Bulkhead,2018 Nuke Collection,Industrial Grade,Negev,-1,-1,-1,-1,-1,-1,-1,-1,-1,-1
Cold Fusion,2018 Nuke Collection,Industrial Grade,Galil AR,-1,-1,-1,-1,-1,-1,-1,-1,-1,-1
Mainframe,2018 Nuke Collection,Industrial Grade,M4A4,-1,-1,-1,-1,-1,-1,-1,-1,-1,-1
Exchanger,2018 Nuke Collection,Mil-Spec,P250,-1,-1,-1,-1,-1,-1,-1,-1,-1,-1
Facility Negative,2018 Nuke Collection,Mil-Spec,P90,-1,-1,-1,-1,-1,-1,-1,-1,-1,-1
Co-Processor,2018 Nuke Collection,Mil-Spec,MP5-SD,-1,-1,-1,-1,-1,-1,-1,-1,-1,-1
Acheron,2018 Nuke Collection,Mil-Spec,AWP,-1,-1,-1,-1,-1,-1,-1,-1,-1,-1
Core Breach,2018 Nuke Collection,Restricted,MAG-7,-1,-1,-1,-1,-1,-1,-1,-1,-1,-1
Random Access,2018 Nuke Collection,Restricted,AUG,-1,-1,-1,-1,-1,-1,-1,-1,-1,-1
Nuclear Garden,2018 Nuke Collection,Restricted,Glock-18,-1,-1,-1,-1,-1,-1,-1,-1,-1,-1
Remote Control,2018 Nuke Collection,Classified,Tec-9,-1,-1,-1,-1,-1,-1,-1,-1,-1,-1
Control Panel,2018 Nuke Collection,Classified,M4A1-S,-1,-1,-1,-1,-1,-1,-1,-1,-1,-1
Desert Brush,2021 Dust II Collection,Consumer Grade,R8 Revolver,-1,-1,-1,-1,-1,-1,-1,-1,-1,-1
Desert DDPAT,2021 Dust II Collection,Consumer Grade,P90,-1,-1,-1,-1,-1,-1,-1,-1,-1,-1
Bleached,2021 Dust II Collection,Consumer Grade,SG 553,-1,-1,-1,-1,-1,-1,-1,-1,-1,-1
Prey,2021 Dust II Collection,Consumer Grade,MP7,-1,-1,-1,-1,-1,-1,-1,-1,-1,-1
Parched,2021 Dust II Collection,Consumer Grade,Sawed-Off,-1,-1,-1,-1,-1,-1,-1,-1,-1,-1
Spalted Wood,2021 Dust II Collection,Industrial Grade,AUG,-1,-1,-1,-1,-1,-1,-1,-1,-1,-1
Old Roots,2021 Dust II Collection,Industrial Grade,MP9,-1,-1,-1,-1,-1,-1,-1,-1,-1,-1
Withered Vine,2021 Dust II Collection,Industrial Grade,Five-SeveN,-1,-1,-1,-1,-1,-1,-1,-1,-1,-1
Midnight Palm,2021 Dust II Collection,Industrial Grade,M249,-1,-1,-1,-1,-1,-1,-1,-1,-1,-1
Black &amp; Tan,2021 Dust II Collection,Mil-Spec,P250,-1,-1,-1,-1,-1,-1,-1,-1,-1,-1
Quick sand,2021 Dust II Collection,Mil-Spec,Nova,-1,-1,-1,-1,-1,-1,-1,-1,-1,-1
New Roots,2021 Dust II Collection,Mil-Spec,G3SG1,-1,-1,-1,-1,-1,-1,-1,-1,-1,-1
Amber Fade,2021 Dust II Collection,Mil-Spec,Galil AR,-1,-1,-1,-1,-1,-1,-1,-1,-1,-1
Orange Anolis,2021 Dust II Collection,Restricted,USP-S,-1,-1,-1,-1,-1,-1,-1,-1,-1,-1
Red DDPAT,2021 Dust II Collection,Restricted,M4A4,-1,-1,-1,-1,-1,-1,-1,-1,-1,-1
Case Hardened,2021 Dust II Collection,Restricted,MAC-10,-1,-1,-1,-1,-1,-1,-1,-1,-1,-1
Fade,2021 Dust II Collection,Classified,UMP-45,-1,-1,-1,-1,-1,-1,-1,-1,-1,-1
Death Strike,2021 Dust II Collection,Classified,SSG 08,-1,-1,-1,-1,-1,-1,-1,-1,-1,-1
Gold Arabesque,2021 Dust II Collection,Covert,AK-47,-1,-1,-1,-1,-1,-1,-1,-1,-1,-1
Drought,2021 Mirage Collection,Consumer Grade,P250,-1,-1,-1,-1,-1,-1,-1,-1,-1,-1
Anolis,2021 Mirage Collection,Consumer Grade,PP-Bizon,-1,-1,-1,-1,-1,-1,-1,-1,-1,-1
Navy Sheen,2021 Mirage Collection,Consumer Grade,MAG-7,-1,-1,-1,-1,-1,-1,-1,-1,-1,-1
Sienna Damask,2021 Mirage Collection,Consumer Grade,MAC-10,-1,-1,-1,-1,-1,-1,-1,-1,-1,-1
Prey,2021 Mirage Collection,Consumer Grade,SSG 08,-1,-1,-1,-1,-1,-1,-1,-1,-1,-1
Drift Wood,2021 Mirage Collection,Industrial Grade,Dual Berettas,-1,-1,-1,-1,-1,-1,-1,-1,-1,-1
CaliCamo,2021 Mirage Collection,Industrial Grade,FAMAS,-1,-1,-1,-1,-1,-1,-1,-1,-1,-1
Midnight Palm,2021 Mirage Collection,Industrial Grade,CZ75-Auto,-1,-1,-1,-1,-1,-1,-1,-1,-1,-1
Verdant Growth,2021 Mirage Collection,Industrial Grade,P90,-1,-1,-1,-1,-1,-1,-1,-1,-1,-1
Purple DDPAT,2021 Mirage Collection,Mil-Spec,USP-S,-1,-1,-1,-1,-1,-1,-1,-1,-1,-1
Music Box,2021 Mirage Collection,Mil-Spec,MP9,-1,-1,-1,-1,-1,-1,-1,-1,-1,-1
Humidor,2021 Mirage Collection,Mil-Spec,M249,-1,-1,-1,-1,-1,-1,-1,-1,-1,-1
Desert Blossom,2021 Mirage Collection,Mil-Spec,SG 553,-1,-1,-1,-1,-1,-1,-1,-1,-1,-1
Elegant Vines,2021 Mirage Collection,Restricted,XM1014,-1,-1,-1,-1,-1,-1,-1,-1,-1,-1
Pink DDPAT,2021 Mirage Collection,Restricted,Glock-18,-1,-1,-1,-1,-1,-1,-1,-1,-1,-1
Sand Storm,2021 Mirage Collection,Restricted,AUG,-1,-1,-1,-1,-1,-1,-1,-1,-1,-1
Oxide Oasis,2021 Mirage Collection,Classified,MP5-SD,-1,-1,-1,-1,-1,-1,-1,-1,-1,-1
Fennec Fox,2021 Mirage Collection,Classified,Desert Eagle,-1,-1,-1,-1,-1,-1,-1,-1,-1,-1
Desert Hydra,2021 Mirage Collection,Covert,AWP,-1,-1,-1,-1,-1,-1,-1,-1,-1,-1
Sputnik,2021 Train Collection,Mil-Spec,Desert Eagle,-1,-1,-1,-1,-1,-1,-1,-1,-1,-1
Fizzy POP,2021 Train Collection,Mil-Spec,M4A1-S,-1,-1,-1,-1,-1,-1,-1,-1,-1,-1
Spring Twilly,2021 Train Collection,Mil-Spec,SSG 08,-1,-1,-1,-1,-1,-1,-1,-1,-1,-1
Amber Fade,2021 Train Collection,Mil-Spec,AUG,-1,-1,-1,-1,-1,-1,-1,-1,-1,-1
Full Stop,2021 Train Collection,Mil-Spec,UMP-45,-1,-1,-1,-1,-1,-1,-1,-1,-1,-1
Safety Net,2021 Train Collection,Mil-Spec,Tec-9,-1,-1,-1,-1,-1,-1,-1,-1,-1,-1
Blaze,2021 Train Collection,Mil-Spec,R8 Revolver,-1,-1,-1,-1,-1,-1,-1,-1,-1,-1
Syndicate,2021 Train Collection,Restricted,CZ75-Auto,-1,-1,-1,-1,-1,-1,-1,-1,-1,-1
POP AWP,2021 Train Collection,Restricted,AWP,-1,-1,-1,-1,-1,-1,-1,-1,-1,-1
Space Race,2021 Train Collection,Restricted,P2000,-1,-1,-1,-1,-1,-1,-1,-1,-1,-1
Autumn Twilly,2021 Train Collection,Restricted,MP5-SD,-1,-1,-1,-1,-1,-1,-1,-1,-1,-1
Red Quartz,2021 Train Collection,Restricted,Nova,-1,-1,-1,-1,-1,-1,-1,-1,-1,-1
Whiteout,2021 Train Collection,Classified,USP-S,-1,-1,-1,-1,-1,-1,-1,-1,-1,-1
Propaganda,2021 Train Collection,Classified,MAC-10,-1,-1,-1,-1,-1,-1,-1,-1,-1,-1
Meltdown,2021 Train Collection,Classified,FAMAS,-1,-1,-1,-1,-1,-1,-1,-1,-1,-1
The Coalition,2021 Train Collection,Covert,M4A4,-1,-1,-1,-1,-1,-1,-1,-1,-1,-1
Gamma Doppler,2021 Train Collection,Covert,Glock-18,-1,-1,-1,-1,-1,-1,-1,-1,-1,-1
Strats,2021 Vertigo Collection,Consumer Grade,MAC-10,-1,-1,-1,-1,-1,-1,-1,-1,-1,-1
Faulty Wiring,2021 Vertigo Collection,Consumer Grade,FAMAS,-1,-1,-1,-1,-1,-1,-1,-1,-1,-1
Blue Tire,2021 Vertigo Collection,Consumer Grade,XM1014,-1,-1,-1,-1,-1,-1,-1,-1,-1,-1
Framework,2021 Vertigo Collection,Consumer Grade,CZ75-Auto,-1,-1,-1,-1,-1,-1,-1,-1,-1,-1
Oil Change,2021 Vertigo Collection,Consumer Grade,Dual Berettas,-1,-1,-1,-1,-1,-1,-1,-1,-1,-1
Red Tire,2021 Vertigo Collection,Industrial Grade,Glock-18,-1,-1,-1,-1,-1,-1,-1,-1,-1,-1
Mechanism,2021 Vertigo Collection,Industrial Grade,UMP-45,-1,-1,-1,-1,-1,-1,-1,-1,-1,-1
Carbon Fiber,2021 Vertigo Collection,Industrial Grade,SSG 08,-1,-1,-1,-1,-1,-1,-1,-1,-1,-1
Breaker Box,2021 Vertigo Collection,Industrial Grade,PP-Bizon,-1,-1,-1,-1,-1,-1,-1,-1,-1,-1
Green Laminate,2021 Vertigo Collection,Mil-Spec,AK-47,-1,-1,-1,-1,-1,-1,-1,-1,-1,-1
Schematic,2021 Vertigo Collection,Mil-Spec,P90,-1,-1,-1,-1,-1,-1,-1,-1,-1,-1
Interlock,2021 Vertigo Collection,Mil-Spec,Nova,-1,-1,-1,-1,-1,-1,-1,-1,-1,-1
Infrastructure,2021 Vertigo Collection,Mil-Spec,Negev,-1,-1,-1,-1,-1,-1,-1,-1,-1,-1
CAUTION!,2021 Vertigo Collection,Restricted,Galil AR,-1,-1,-1,-1,-1,-1,-1,-1,-1,-1
Prism Terrace,2021 Vertigo Collection,Restricted,MAG-7,-1,-1,-1,-1,-1,-1,-1,-1,-1,-1
Digital Architect,2021 Vertigo Collection,Restricted,P250,-1,-1,-1,-1,-1,-1,-1,-1,-1,-1
Fall Hazard,2021 Vertigo Collection,Classified,Five-SeveN,-1,-1,-1,-1,-1,-1,-1,-1,-1,-1
Hazard Pay,2021 Vertigo Collection,Classified,SG 553,-1,-1,-1,-1,-1,-1,-1,-1,-1,-1
Imminent Danger,2021 Vertigo Collection,Covert,M4A1-S,-1,-1,-1,-1,-1,-1,-1,-1,-1,-1
Army Sheen,Chop Shop Collection,Consumer Grade,SCAR-20,-1,-1,-1,-1,-1,-1,-1,-1,-1,-1
Army Sheen,Chop Shop Collection,Consumer Grade,CZ75-Auto,-1,-1,-1,-1,-1,-1,-1,-1,-1,-1
Impact Drill,Chop Shop Collection,Consumer Grade,M249,-1,-1,-1,-1,-1,-1,-1,-1,-1,-1
Seabird,Chop Shop Collection,Consumer Grade,MAG-7,-1,-1,-1,-1,-1,-1,-1,-1,-1,-1
Night,Chop Shop Collection,Industrial Grade,Desert Eagle,-1,-1,-1,-1,-1,-1,-1,-1,-1,-1
Urban Rubble,Chop Shop Collection,Industrial Grade,Galil AR,-1,-1,-1,-1,-1,-1,-1,-1,-1,-1
Para Green,Chop Shop Collection,Industrial Grade,USP-S,-1,-1,-1,-1,-1,-1,-1,-1,-1,-1
Fade,Chop Shop Collection,Mil-Spec,MAC-10,-1,-1,-1,-1,-1,-1,-1,-1,-1,-1
Whiteout,Chop Shop Collection,Mil-Spec,P250,-1,-1,-1,-1,-1,-1,-1,-1,-1,-1
Full Stop,Chop Shop Collection,Mil-Spec,MP7,-1,-1,-1,-1,-1,-1,-1,-1,-1,-1
Nitro,Chop Shop Collection,Mil-Spec,Five-SeveN,-1,-1,-1,-1,-1,-1,-1,-1,-1,-1
Emerald,Chop Shop Collection,Mil-Spec,CZ75-Auto,-1,-1,-1,-1,-1,-1,-1,-1,-1,-1
Bulldozer,Chop Shop Collection,Restricted,SG 553,-1,-1,-1,-1,-1,-1,-1,-1,-1,-1
Duelist,Chop Shop Collection,Restricted,Dual Berettas,-1,-1,-1,-1,-1,-1,-1,-1,-1,-1
Twilight Galaxy,Chop Shop Collection,Classified,Glock-18,-1,-1,-1,-1,-1,-1,-1,-1,-1,-1
Hot Rod,Chop Shop Collection,Classified,M4A1-S,-1,-1,-1,-1,-1,-1,-1,-1,-1,-1
Asterion,Gods and Monsters Collection,Consumer Grade,MP7,-1,-1,-1,-1,-1,-1,-1,-1,-1,-1
Daedalus,Gods and Monsters Collection,Consumer Grade,AUG,-1,-1,-1,-1,-1,-1,-1,-1,-1,-1
Moon in Libra,Gods and Monsters Collection,Consumer Grade,Dual Berettas,-1,-1,-1,-1,-1,-1,-1,-1,-1,-1
Moon in Libra,Gods and Monsters Collection,Consumer Grade,Nova,-1,-1,-1,-1,-1,-1,-1,-1,-1,-1
Hades,Gods and Monsters Collection,Industrial Grade,Tec-9,-1,-1,-1,-1,-1,-1,-1,-1,-1,-1
Pathfinder,Gods and Monsters Collection,Industrial Grade,P2000,-1,-1,-1,-1,-1,-1,-1,-1,-1,-1
Sun in Leo,Gods and Monsters Collection,Industrial Grade,AWP,-1,-1,-1,-1,-1,-1,-1,-1,-1,-1
Shipping Forecast,Gods and Monsters Collection,Industrial Grade,M249,-1,-1,-1,-1,-1,-1,-1,-1,-1,-1
Minotaur's Labyrinth,Gods and Monsters Collection,Mil-Spec,UMP-45,-1,-1,-1,-1,-1,-1,-1,-1,-1,-1
Pandora's Box,Gods and Monsters Collection,Mil-Spec,MP9,-1,-1,-1,-1,-1,-1,-1,-1,-1,-1
Chronos,Gods and Monsters Collection,Restricted,G3SG1,-1,-1,-1,-1,-1,-1,-1,-1,-1,-1
Icarus Fell,Gods and Monsters Collection,Restricted,M4A1-S,-1,-1,-1,-1,-1,-1,-1,-1,-1,-1
Poseidon,Gods and Monsters Collection,Classified,M4A4,-1,-1,-1,-1,-1,-1,-1,-1,-1,-1
Medusa,Gods and Monsters Collection,Covert,AWP,-1,-1,-1,-1,-1,-1,-1,-1,-1,-1
Bamboo Print,Rising Sun Collection,Consumer Grade,PP-Bizon,-1,-1,-1,-1,-1,-1,-1,-1,-1,-1
Bamboo Shadow,Rising Sun Collection,Consumer Grade,Sawed-Off,-1,-1,-1,-1,-1,-1,-1,-1,-1,-1
Bamboo Forest,Rising Sun Collection,Consumer Grade,Tec-9,-1,-1,-1,-1,-1,-1,-1,-1,-1,-1
Orange Kimono,Rising Sun Collection,Consumer Grade,G3SG1,-1,-1,-1,-1,-1,-1,-1,-1,-1,-1
Mint Kimono,Rising Sun Collection,Consumer Grade,P250,-1,-1,-1,-1,-1,-1,-1,-1,-1,-1
Crimson Kimono,Rising Sun Collection,Industrial Grade,P250,-1,-1,-1,-1,-1,-1,-1,-1,-1,-1
Midnight Storm,Rising Sun Collection,Industrial Grade,Desert Eagle,-1,-1,-1,-1,-1,-1,-1,-1,-1,-1
Aqua Terrace,Rising Sun Collection,Mil-Spec,Galil AR,-1,-1,-1,-1,-1,-1,-1,-1,-1,-1
Counter Terrace,Rising Sun Collection,Mil-Spec,MAG-7,-1,-1,-1,-1,-1,-1,-1,-1,-1,-1
Terrace,Rising Sun Collection,Mil-Spec,Tec-9,-1,-1,-1,-1,-1,-1,-1,-1,-1,-1
Neon Kimono,Rising Sun Collection,Restricted,Five-SeveN,-1,-1,-1,-1,-1,-1,-1,-1,-1,-1
Sunset Storm 壱,Rising Sun Collection,Restricted,Desert Eagle,-1,-1,-1,-1,-1,-1,-1,-1,-1,-1
Sunset Storm 弐,Rising Sun Collection,Restricted,Desert Eagle,-1,-1,-1,-1,-1,-1,-1,-1,-1,-1
Daybreak,Rising Sun Collection,Restricted,M4A4,-1,-1,-1,-1,-1,-1,-1,-1,-1,-1
Hydroponic,Rising Sun Collection,Classified,AK-47,-1,-1,-1,-1,-1,-1,-1,-1,-1,-1
Akihabara Accept,Rising Sun Collection,Covert,AUG,-1,-1,-1,-1,-1,-1,-1,-1,-1,-1
Jungle DDPAT,Alpha Collection,Consumer Grade,M249,-1,-1,-1,-1,-1,-1,-1,-1,-1,-1
Tornado,Alpha Collection,Consumer Grade,Tec-9,-1,-1,-1,-1,-1,-1,-1,-1,-1,-1
Dry Season,Alpha Collection,Consumer Grade,MP9,-1,-1,-1,-1,-1,-1,-1,-1,-1,-1
Anodized Gunmetal,Alpha Collection,Consumer Grade,Five-SeveN,-1,-1,-1,-1,-1,-1,-1,-1,-1,-1
Jungle,Alpha Collection,Consumer Grade,XM1014,-1,-1,-1,-1,-1,-1,-1,-1,-1,-1
Groundwater,Alpha Collection,Consumer Grade,MP7,-1,-1,-1,-1,-1,-1,-1,-1,-1,-1
Sand Dune,Alpha Collection,Industrial Grade,Glock-18,-1,-1,-1,-1,-1,-1,-1,-1,-1,-1
Mayan Dreams,Alpha Collection,Industrial Grade,SSG 08,-1,-1,-1,-1,-1,-1,-1,-1,-1,-1
Palm,Alpha Collection,Industrial Grade,Negev,-1,-1,-1,-1,-1,-1,-1,-1,-1,-1
Mosaico,Alpha Collection,Industrial Grade,Sawed-Off,-1,-1,-1,-1,-1,-1,-1,-1,-1,-1
Facets,Alpha Collection,Industrial Grade,P250,-1,-1,-1,-1,-1,-1,-1,-1,-1,-1
Anodized Navy,Alpha Collection,Mil-Spec,AUG,-1,-1,-1,-1,-1,-1,-1,-1,-1,-1
Hazard,Alpha Collection,Mil-Spec,MAG-7,-1,-1,-1,-1,-1,-1,-1,-1,-1,-1
Rust Coat,Alpha Collection,Mil-Spec,PP-Bizon,-1,-1,-1,-1,-1,-1,-1,-1,-1,-1
Spitfire,Alpha Collection,Restricted,FAMAS,-1,-1,-1,-1,-1,-1,-1,-1,-1,-1
Emerald,Alpha Collection,Restricted,SCAR-20,-1,-1,-1,-1,-1,-1,-1,-1,-1,-1
Barricade,Norse Collection,Consumer Grade,SG 553,-1,-1,-1,-1,-1,-1,-1,-1,-1,-1
Night Borre,Norse Collection,Consumer Grade,FAMAS,-1,-1,-1,-1,-1,-1,-1,-1,-1,-1
Scorched,Norse Collection,Consumer Grade,MP7,-1,-1,-1,-1,-1,-1,-1,-1,-1,-1
Tornado,Norse Collection,Consumer Grade,Galil AR,-1,-1,-1,-1,-1,-1,-1,-1,-1,-1
Red Stone,Norse Collection,Consumer Grade,SSG 08,-1,-1,-1,-1,-1,-1,-1,-1,-1,-1
Chainmail,Norse Collection,Industrial Grade,MAG-7,-1,-1,-1,-1,-1,-1,-1,-1,-1,-1
Moss Quartz,Norse Collection,Industrial Grade,M4A1-S,-1,-1,-1,-1,-1,-1,-1,-1,-1,-1
Pathfinder,Norse Collection,Industrial Grade,USP-S,-1,-1,-1,-1,-1,-1,-1,-1,-1,-1
Pyre,Norse Collection,Industrial Grade,Dual Berettas,-1,-1,-1,-1,-1,-1,-1,-1,-1,-1
Brass,Norse Collection,Mil-Spec,SCAR-20,-1,-1,-1,-1,-1,-1,-1,-1,-1,-1
Emerald Quartz,Norse Collection,Mil-Spec,CZ75-Auto,-1,-1,-1,-1,-1,-1,-1,-1,-1,-1
Copper Borre,Norse Collection,Mil-Spec,MAC-10,-1,-1,-1,-1,-1,-1,-1,-1,-1,-1
Frost Borre,Norse Collection,Mil-Spec,XM1014,-1,-1,-1,-1,-1,-1,-1,-1,-1,-1
Astral Jörmungandr,Norse Collection,Restricted,P90,-1,-1,-1,-1,-1,-1,-1,-1,-1,-1
Flame Jörmungandr,Norse Collection,Restricted,AUG,-1,-1,-1,-1,-1,-1,-1,-1,-1,-1
Emerald Jörmungandr,Norse Collection,Restricted,Desert Eagle,-1,-1,-1,-1,-1,-1,-1,-1,-1,-1
Mjölnir,Norse Collection,Classified,Negev,-1,-1,-1,-1,-1,-1,-1,-1,-1,-1
Gungnir,Norse Collection,Covert,AWP,-1,-1,-1,-1,-1,-1,-1,-1,-1,-1
Surveillance,Control Collection,Consumer Grade,AUG,-1,-1,-1,-1,-1,-1,-1,-1,-1,-1
Charter,Control Collection,Consumer Grade,XM1014,-1,-1,-1,-1,-1,-1,-1,-1,-1,-1
Army Sheen,Control Collection,Consumer Grade,MP9,-1,-1,-1,-1,-1,-1,-1,-1,-1,-1
Forest Night,Control Collection,Consumer Grade,P250,-1,-1,-1,-1,-1,-1,-1,-1,-1,-1
Jungle Dashed,Control Collection,Consumer Grade,CZ75-Auto,-1,-1,-1,-1,-1,-1,-1,-1,-1,-1
Switch Board,Control Collection,Industrial Grade,Dual Berettas,-1,-1,-1,-1,-1,-1,-1,-1,-1,-1
The Bronze,Control Collection,Industrial Grade,Desert Eagle,-1,-1,-1,-1,-1,-1,-1,-1,-1,-1
Carbon Fiber,Control Collection,Industrial Grade,MAG-7,-1,-1,-1,-1,-1,-1,-1,-1,-1,-1
Nitro,Control Collection,Industrial Grade,MP5-SD,-1,-1,-1,-1,-1,-1,-1,-1,-1,-1
Magna Carta,Control Collection,Mil-Spec,SCAR-20,-1,-1,-1,-1,-1,-1,-1,-1,-1,-1
Dispatch,Control Collection,Mil-Spec,P2000,-1,-1,-1,-1,-1,-1,-1,-1,-1,-1
Threat Detected,Control Collection,Mil-Spec,SSG 08,-1,-1,-1,-1,-1,-1,-1,-1,-1,-1
Global Offensive,Control Collection,Mil-Spec,M4A4,-1,-1,-1,-1,-1,-1,-1,-1,-1,-1
Prime Conspiracy,Control Collection,Restricted,FAMAS,-1,-1,-1,-1,-1,-1,-1,-1,-1,-1
Crime Scene,Control Collection,Restricted,UMP-45,-1,-1,-1,-1,-1,-1,-1,-1,-1,-1
Berries And Cherries,Control Collection,Restricted,Five-SeveN,-1,-1,-1,-1,-1,-1,-1,-1,-1,-1
Target Acquired,Control Collection,Classified,USP-S,-1,-1,-1,-1,-1,-1,-1,-1,-1,-1
Blue Phosphor,Control Collection,Classified,M4A1-S,-1,-1,-1,-1,-1,-1,-1,-1,-1,-1
Fade,Control Collection,Covert,AWP,-1,-1,-1,-1,-1,-1,-1,-1,-1,-1
Death Rattle,Havoc Collection,Consumer Grade,PP-Bizon,-1,-1,-1,-1,-1,-1,-1,-1,-1,-1
Heist,Havoc Collection,Consumer Grade,Dual Berettas,-1,-1,-1,-1,-1,-1,-1,-1,-1,-1
Clay Ambush,Havoc Collection,Consumer Grade,Sawed-Off,-1,-1,-1,-1,-1,-1,-1,-1,-1,-1
Predator,Havoc Collection,Consumer Grade,M249,-1,-1,-1,-1,-1,-1,-1,-1,-1,-1
Phoenix Chalk,Havoc Collection,Consumer Grade,Tec-9,-1,-1,-1,-1,-1,-1,-1,-1,-1,-1
Vault Heist,Havoc Collection,Industrial Grade,MP7,-1,-1,-1,-1,-1,-1,-1,-1,-1,-1
Phoenix Marker,Havoc Collection,Industrial Grade,R8 Revolver,-1,-1,-1,-1,-1,-1,-1,-1,-1,-1
Houndstooth,Havoc Collection,Industrial Grade,UMP-45,-1,-1,-1,-1,-1,-1,-1,-1,-1,-1
Rust Coat,Havoc Collection,Industrial Grade,Nova,-1,-1,-1,-1,-1,-1,-1,-1,-1,-1
Tiger Pit,Havoc Collection,Mil-Spec,P90,-1,-1,-1,-1,-1,-1,-1,-1,-1,-1
Phoenix Stencil,Havoc Collection,Mil-Spec,Negev,-1,-1,-1,-1,-1,-1,-1,-1,-1,-1
Night Heist,Havoc Collection,Mil-Spec,Desert Eagle,-1,-1,-1,-1,-1,-1,-1,-1,-1,-1
Franklin,Havoc Collection,Mil-Spec,P250,-1,-1,-1,-1,-1,-1,-1,-1,-1,-1
Franklin,Havoc Collection,Restricted,Glock-18,-1,-1,-1,-1,-1,-1,-1,-1,-1,-1
Phoenix Blacklight,Havoc Collection,Restricted,Galil AR,-1,-1,-1,-1,-1,-1,-1,-1,-1,-1
Hypnotic,Havoc Collection,Restricted,SG 553,-1,-1,-1,-1,-1,-1,-1,-1,-1,-1
Hot Snakes,Havoc Collection,Classified,MAC-10,-1,-1,-1,-1,-1,-1,-1,-1,-1,-1
Silk Tiger,Havoc Collection,Classified,AWP,-1,-1,-1,-1,-1,-1,-1,-1,-1,-1
X-Ray,Havoc Collection,Covert,AK-47,-1,-1,-1,-1,-1,-1,-1,-1,-1,-1
Skulls,CS:GO Weapon Case,Mil-Spec,MP7,-1,-1,-1,-1,-1,-1,-1,-1,-1,-1
Ultraviolet,CS:GO Weapon Case,Mil-Spec,SG 553,-1,-1,-1,-1,-1,-1,-1,-1,-1,-1
Wings,CS:GO Weapon Case,Mil-Spec,AUG,-1,-1,-1,-1,-1,-1,-1,-1,-1,-1
Dark Water,CS:GO Weapon Case,Restricted,M4A1-S,-1,-1,-1,-1,-1,-1,-1,-1,-1,-1
Dark Water,CS:GO Weapon Case,Restricted,USP-S,-1,-1,-1,-1,-1,-1,-1,-1,-1,-1
Dragon Tattoo,CS:GO Weapon Case,Restricted,Glock-18,-1,-1,-1,-1,-1,-1,-1,-1,-1,-1
Hypnotic,CS:GO Weapon Case,Classified,Desert Eagle,-1,-1,-1,-1,-1,-1,-1,-1,-1,-1
Case Hardened,CS:GO Weapon Case,Classified,AK-47,-1,-1,-1,-1,-1,-1,-1,-1,-1,-1
Lightning Strike,CS:GO Weapon Case,Covert,AWP,-1,-1,-1,-1,-1,-1,-1,-1,-1,-1
Faded Zebra,eSports 2013 Case,Mil-Spec,M4A4,-1,-1,-1,-1,-1,-1,-1,-1,-1,-1
Doomkitty,eSports 2013 Case,Mil-Spec,FAMAS,-1,-1,-1,-1,-1,-1,-1,-1,-1,-1
Memento,eSports 2013 Case,Mil-Spec,MAG-7,-1,-1,-1,-1,-1,-1,-1,-1,-1,-1
Orange DDPAT,eSports 2013 Case,Restricted,Sawed-Off,-1,-1,-1,-1,-1,-1,-1,-1,-1,-1
Splash,eSports 2013 Case,Restricted,P250,-1,-1,-1,-1,-1,-1,-1,-1,-1,-1
Orange DDPAT,eSports 2013 Case,Restricted,Galil AR,-1,-1,-1,-1,-1,-1,-1,-1,-1,-1
Red Laminate,eSports 2013 Case,Classified,AK-47,-1,-1,-1,-1,-1,-1,-1,-1,-1,-1
BOOM,eSports 2013 Case,Classified,AWP,-1,-1,-1,-1,-1,-1,-1,-1,-1,-1
Death by Kitty,eSports 2013 Case,Covert,P90,-1,-1,-1,-1,-1,-1,-1,-1,-1,-1
Tempest,Operation Bravo Case,Mil-Spec,Nova,-1,-1,-1,-1,-1,-1,-1,-1,-1,-1
Black Limba,Operation Bravo Case,Mil-Spec,Dual Berettas,-1,-1,-1,-1,-1,-1,-1,-1,-1,-1
Bone Pile,Operation Bravo Case,Mil-Spec,UMP-45,-1,-1,-1,-1,-1,-1,-1,-1,-1,-1
Wave Spray,Operation Bravo Case,Mil-Spec,SG 553,-1,-1,-1,-1,-1,-1,-1,-1,-1,-1
Shattered,Operation Bravo Case,Mil-Spec,Galil AR,-1,-1,-1,-1,-1,-1,-1,-1,-1,-1
Demeter,Operation Bravo Case,Mil-Spec,G3SG1,-1,-1,-1,-1,-1,-1,-1,-1,-1,-1
Bright Water,Operation Bravo Case,Restricted,M4A1-S,-1,-1,-1,-1,-1,-1,-1,-1,-1,-1
Zirka,Operation Bravo Case,Restricted,M4A4,-1,-1,-1,-1,-1,-1,-1,-1,-1,-1
Graven,Operation Bravo Case,Restricted,MAC-10,-1,-1,-1,-1,-1,-1,-1,-1,-1,-1
Overgrowth,Operation Bravo Case,Restricted,USP-S,-1,-1,-1,-1,-1,-1,-1,-1,-1,-1
Emerald Dragon,Operation Bravo Case,Classified,P90,-1,-1,-1,-1,-1,-1,-1,-1,-1,-1
Ocean Foam,Operation Bravo Case,Classified,P2000,-1,-1,-1,-1,-1,-1,-1,-1,-1,-1
Graphite,Operation Bravo Case,Classified,AWP,-1,-1,-1,-1,-1,-1,-1,-1,-1,-1
Golden Koi,Operation Bravo Case,Covert,Desert Eagle,-1,-1,-1,-1,-1,-1,-1,-1,-1,-1
Fire Serpent,Operation Bravo Case,Covert,AK-47,-1,-1,-1,-1,-1,-1,-1,-1,-1,-1
Blue Titanium,CS:GO Weapon Case 2,Mil-Spec,Tec-9,-1,-1,-1,-1,-1,-1,-1,-1,-1,-1
Blood Tiger,CS:GO Weapon Case 2,Mil-Spec,M4A1-S,-1,-1,-1,-1,-1,-1,-1,-1,-1,-1
Hexane,CS:GO Weapon Case 2,Mil-Spec,FAMAS,-1,-1,-1,-1,-1,-1,-1,-1,-1,-1
Hive,CS:GO Weapon Case 2,Mil-Spec,P250,-1,-1,-1,-1,-1,-1,-1,-1,-1,-1
Crimson Web,CS:GO Weapon Case 2,Mil-Spec,SCAR-20,-1,-1,-1,-1,-1,-1,-1,-1,-1,-1
Case Hardened,CS:GO Weapon Case 2,Restricted,Five-SeveN,-1,-1,-1,-1,-1,-1,-1,-1,-1,-1
Hypnotic,CS:GO Weapon Case 2,Restricted,MP9,-1,-1,-1,-1,-1,-1,-1,-1,-1,-1
Graphite,CS:GO Weapon Case 2,Restricted,Nova,-1,-1,-1,-1,-1,-1,-1,-1,-1,-1
Hemoglobin,CS:GO Weapon Case 2,Restricted,Dual Berettas,-1,-1,-1,-1,-1,-1,-1,-1,-1,-1
Cold Blooded,CS:GO Weapon Case 2,Classified,P90,-1,-1,-1,-1,-1,-1,-1,-1,-1,-1
Serum,CS:GO Weapon Case 2,Classified,USP-S,-1,-1,-1,-1,-1,-1,-1,-1,-1,-1
Blood in the Water,CS:GO Weapon Case 2,Covert,SSG 08,-1,-1,-1,-1,-1,-1,-1,-1,-1,-1
Cobalt Halftone,Winter Offensive Weapon Case,Mil-Spec,PP-Bizon,-1,-1,-1,-1,-1,-1,-1,-1,-1,-1
Magma,Winter Offensive Weapon Case,Mil-Spec,M249,-1,-1,-1,-1,-1,-1,-1,-1,-1,-1
Kami,Winter Offensive Weapon Case,Mil-Spec,Five-SeveN,-1,-1,-1,-1,-1,-1,-1,-1,-1,-1
Sandstorm,Winter Offensive Weapon Case,Mil-Spec,Galil AR,-1,-1,-1,-1,-1,-1,-1,-1,-1,-1
Rising Skull,Winter Offensive Weapon Case,Restricted,Nova,-1,-1,-1,-1,-1,-1,-1,-1,-1,-1
Rose Iron,Winter Offensive Weapon Case,Restricted,MP9,-1,-1,-1,-1,-1,-1,-1,-1,-1,-1
Marina,Winter Offensive Weapon Case,Restricted,Dual Berettas,-1,-1,-1,-1,-1,-1,-1,-1,-1,-1
Pulse,Winter Offensive Weapon Case,Restricted,FAMAS,-1,-1,-1,-1,-1,-1,-1,-1,-1,-1
Redline,Winter Offensive Weapon Case,Classified,AWP,-1,-1,-1,-1,-1,-1,-1,-1,-1,-1
Mehndi,Winter Offensive Weapon Case,Classified,P250,-1,-1,-1,-1,-1,-1,-1,-1,-1,-1
Guardian,Winter Offensive Weapon Case,Classified,M4A1-S,-1,-1,-1,-1,-1,-1,-1,-1,-1,-1
The Kraken,Winter Offensive Weapon Case,Covert,Sawed-Off,-1,-1,-1,-1,-1,-1,-1,-1,-1,-1
Asiimov,Winter Offensive Weapon Case,Covert,M4A4,-1,-1,-1,-1,-1,-1,-1,-1,-1,-1
Blue Titanium,eSports 2013 Winter Case,Mil-Spec,Galil AR,-1,-1,-1,-1,-1,-1,-1,-1,-1,-1
Nightshade,eSports 2013 Winter Case,Mil-Spec,Five-SeveN,-1,-1,-1,-1,-1,-1,-1,-1,-1,-1
Water Sigil,eSports 2013 Winter Case,Mil-Spec,PP-Bizon,-1,-1,-1,-1,-1,-1,-1,-1,-1,-1
Ghost Camo,eSports 2013 Winter Case,Mil-Spec,Nova,-1,-1,-1,-1,-1,-1,-1,-1,-1,-1
Azure Zebra,eSports 2013 Winter Case,Mil-Spec,G3SG1,-1,-1,-1,-1,-1,-1,-1,-1,-1,-1
Steel Disruption,eSports 2013 Winter Case,Mil-Spec,P250,-1,-1,-1,-1,-1,-1,-1,-1,-1,-1
Blue Laminate,eSports 2013 Winter Case,Restricted,AK-47,-1,-1,-1,-1,-1,-1,-1,-1,-1,-1
Blind Spot,eSports 2013 Winter Case,Restricted,P90,-1,-1,-1,-1,-1,-1,-1,-1,-1,-1
Afterimage,eSports 2013 Winter Case,Classified,FAMAS,-1,-1,-1,-1,-1,-1,-1,-1,-1,-1
Electric Hive,eSports 2013 Winter Case,Classified,AWP,-1,-1,-1,-1,-1,-1,-1,-1,-1,-1
Cobalt Disruption,eSports 2013 Winter Case,Classified,Desert Eagle,-1,-1,-1,-1,-1,-1,-1,-1,-1,-1
X-Ray,eSports 2013 Winter Case,Covert,M4A4,-1,-1,-1,-1,-1,-1,-1,-1,-1,-1
Crimson Web,CS:GO Weapon Case 3,Mil-Spec,CZ75-Auto,-1,-1,-1,-1,-1,-1,-1,-1,-1,-1
Red FragCam,CS:GO Weapon Case 3,Mil-Spec,P2000,-1,-1,-1,-1,-1,-1,-1,-1,-1,-1
Panther,CS:GO Weapon Case 3,Mil-Spec,Dual Berettas,-1,-1,-1,-1,-1,-1,-1,-1,-1,-1
Stainless,CS:GO Weapon Case 3,Mil-Spec,USP-S,-1,-1,-1,-1,-1,-1,-1,-1,-1,-1
Blue Fissure,CS:GO Weapon Case 3,Mil-Spec,Glock-18,-1,-1,-1,-1,-1,-1,-1,-1,-1,-1
Tread Plate,CS:GO Weapon Case 3,Restricted,CZ75-Auto,-1,-1,-1,-1,-1,-1,-1,-1,-1,-1
Titanium Bit,CS:GO Weapon Case 3,Restricted,Tec-9,-1,-1,-1,-1,-1,-1,-1,-1,-1,-1
Heirloom,CS:GO Weapon Case 3,Restricted,Desert Eagle,-1,-1,-1,-1,-1,-1,-1,-1,-1,-1
Copper Galaxy,CS:GO Weapon Case 3,Restricted,Five-SeveN,-1,-1,-1,-1,-1,-1,-1,-1,-1,-1
The Fuschia Is Now,CS:GO Weapon Case 3,Classified,CZ75-Auto,-1,-1,-1,-1,-1,-1,-1,-1,-1,-1
Undertow,CS:GO Weapon Case 3,Classified,P250,-1,-1,-1,-1,-1,-1,-1,-1,-1,-1
Victoria,CS:GO Weapon Case 3,Covert,CZ75-Auto,-1,-1,-1,-1,-1,-1,-1,-1,-1,-1
Corporal,Operation Phoenix Weapon Case,Mil-Spec,UMP-45,-1,-1,-1,-1,-1,-1,-1,-1,-1,-1
Terrain,Operation Phoenix Weapon Case,Mil-Spec,Negev,-1,-1,-1,-1,-1,-1,-1,-1,-1,-1
Sandstorm,Operation Phoenix Weapon Case,Mil-Spec,Tec-9,-1,-1,-1,-1,-1,-1,-1,-1,-1,-1
Heaven Guard,Operation Phoenix Weapon Case,Mil-Spec,MAG-7,-1,-1,-1,-1,-1,-1,-1,-1,-1,-1
Heat,Operation Phoenix Weapon Case,Restricted,MAC-10,-1,-1,-1,-1,-1,-1,-1,-1,-1,-1
Pulse,Operation Phoenix Weapon Case,Restricted,SG 553,-1,-1,-1,-1,-1,-1,-1,-1,-1,-1
Sergeant,Operation Phoenix Weapon Case,Restricted,FAMAS,-1,-1,-1,-1,-1,-1,-1,-1,-1,-1
Guardian,Operation Phoenix Weapon Case,Restricted,USP-S,-1,-1,-1,-1,-1,-1,-1,-1,-1,-1
Redline,Operation Phoenix Weapon Case,Classified,AK-47,-1,-1,-1,-1,-1,-1,-1,-1,-1,-1
Trigon,Operation Phoenix Weapon Case,Classified,P90,-1,-1,-1,-1,-1,-1,-1,-1,-1,-1
Antique,Operation Phoenix Weapon Case,Classified,Nova,-1,-1,-1,-1,-1,-1,-1,-1,-1,-1
Asiimov,Operation Phoenix Weapon Case,Covert,AWP,-1,-1,-1,-1,-1,-1,-1,-1,-1,-1
Chameleon,Operation Phoenix Weapon Case,Covert,AUG,-1,-1,-1,-1,-1,-1,-1,-1,-1,-1
Isaac,Huntsman Weapon Case,Mil-Spec,Tec-9,-1,-1,-1,-1,-1,-1,-1,-1,-1,-1
Slashed,Huntsman Weapon Case,Mil-Spec,SSG 08,-1,-1,-1,-1,-1,-1,-1,-1,-1,-1
Retribution **,Huntsman Weapon Case,Mil-Spec,Dual Berettas,-1,-1,-1,-1,-1,-1,-1,-1,-1,-1
Kami,Huntsman Weapon Case,Mil-Spec,Galil AR,-1,-1,-1,-1,-1,-1,-1,-1,-1,-1
Desert Warfare **,Huntsman Weapon Case,Mil-Spec,P90,-1,-1,-1,-1,-1,-1,-1,-1,-1,-1
Poison Dart **,Huntsman Weapon Case,Mil-Spec,CZ75-Auto,-1,-1,-1,-1,-1,-1,-1,-1,-1,-1
Twist *,Huntsman Weapon Case,Mil-Spec,CZ75-Auto,-1,-1,-1,-1,-1,-1,-1,-1,-1,-1
Module *,Huntsman Weapon Case,Mil-Spec,P90,-1,-1,-1,-1,-1,-1,-1,-1,-1,-1
Pulse *,Huntsman Weapon Case,Mil-Spec,P2000,-1,-1,-1,-1,-1,-1,-1,-1,-1,-1
Torque,Huntsman Weapon Case,Restricted,AUG,-1,-1,-1,-1,-1,-1,-1,-1,-1,-1
Antique,Huntsman Weapon Case,Restricted,PP-Bizon,-1,-1,-1,-1,-1,-1,-1,-1,-1,-1
Heaven Guard,Huntsman Weapon Case,Restricted,XM1014,-1,-1,-1,-1,-1,-1,-1,-1,-1,-1
Curse **,Huntsman Weapon Case,Restricted,MAC-10,-1,-1,-1,-1,-1,-1,-1,-1,-1,-1
Tatter *,Huntsman Weapon Case,Restricted,MAC-10,-1,-1,-1,-1,-1,-1,-1,-1,-1,-1
Atomic Alloy,Huntsman Weapon Case,Classified,M4A1-S,-1,-1,-1,-1,-1,-1,-1,-1,-1,-1
Cyrex,Huntsman Weapon Case,Classified,SCAR-20,-1,-1,-1,-1,-1,-1,-1,-1,-1,-1
Orion **,Huntsman Weapon Case,Classified,USP-S,-1,-1,-1,-1,-1,-1,-1,-1,-1,-1
Caiman *,Huntsman Weapon Case,Classified,USP-S,-1,-1,-1,-1,-1,-1,-1,-1,-1,-1
Vulcan,Huntsman Weapon Case,Covert,AK-47,-1,-1,-1,-1,-1,-1,-1,-1,-1,-1
Desert-Strike *,Huntsman Weapon Case,Covert,M4A4,-1,-1,-1,-1,-1,-1,-1,-1,-1,-1
Howl **,Huntsman Weapon Case,Contraband,M4A4,-1,-1,-1,-1,-1,-1,-1,-1,-1,-1
Urban Hazard,Operation Breakout Weapon Case,Mil-Spec,MP7,-1,-1,-1,-1,-1,-1,-1,-1,-1,-1
Desert-Strike,Operation Breakout Weapon Case,Mil-Spec,Negev,-1,-1,-1,-1,-1,-1,-1,-1,-1,-1
Ivory,Operation Breakout Weapon Case,Mil-Spec,P2000,-1,-1,-1,-1,-1,-1,-1,-1,-1,-1
Abyss,Operation Breakout Weapon Case,Mil-Spec,SSG 08,-1,-1,-1,-1,-1,-1,-1,-1,-1,-1
Labyrinth,Operation Breakout Weapon Case,Mil-Spec,UMP-45,-1,-1,-1,-1,-1,-1,-1,-1,-1,-1
Osiris,Operation Breakout Weapon Case,Restricted,PP-Bizon,-1,-1,-1,-1,-1,-1,-1,-1,-1,-1
Tigris,Operation Breakout Weapon Case,Restricted,CZ75-Auto,-1,-1,-1,-1,-1,-1,-1,-1,-1,-1
Koi,Operation Breakout Weapon Case,Restricted,Nova,-1,-1,-1,-1,-1,-1,-1,-1,-1,-1
Supernova,Operation Breakout Weapon Case,Restricted,P250,-1,-1,-1,-1,-1,-1,-1,-1,-1,-1
Conspiracy,Operation Breakout Weapon Case,Classified,Desert Eagle,-1,-1,-1,-1,-1,-1,-1,-1,-1,-1
Fowl Play,Operation Breakout Weapon Case,Classified,Five-SeveN,-1,-1,-1,-1,-1,-1,-1,-1,-1,-1
Water Elemental,Operation Breakout Weapon Case,Classified,Glock-18,-1,-1,-1,-1,-1,-1,-1,-1,-1,-1
Asiimov,Operation Breakout Weapon Case,Covert,P90,-1,-1,-1,-1,-1,-1,-1,-1,-1,-1
Cyrex,Operation Breakout Weapon Case,Covert,M4A1-S,-1,-1,-1,-1,-1,-1,-1,-1,-1,-1
Dark Water,eSports 2014 Summer Case,Mil-Spec,SSG 08,-1,-1,-1,-1,-1,-1,-1,-1,-1,-1
Ultraviolet,eSports 2014 Summer Case,Mil-Spec,MAC-10,-1,-1,-1,-1,-1,-1,-1,-1,-1,-1
Blood Tiger,eSports 2014 Summer Case,Mil-Spec,USP-S,-1,-1,-1,-1,-1,-1,-1,-1,-1,-1
Hexane,eSports 2014 Summer Case,Mil-Spec,CZ75-Auto,-1,-1,-1,-1,-1,-1,-1,-1,-1,-1
Bratatat,eSports 2014 Summer Case,Mil-Spec,Negev,-1,-1,-1,-1,-1,-1,-1,-1,-1,-1
Red Python,eSports 2014 Summer Case,Mil-Spec,XM1014,-1,-1,-1,-1,-1,-1,-1,-1,-1,-1
Blue Streak,eSports 2014 Summer Case,Restricted,PP-Bizon,-1,-1,-1,-1,-1,-1,-1,-1,-1,-1
Virus,eSports 2014 Summer Case,Restricted,P90,-1,-1,-1,-1,-1,-1,-1,-1,-1,-1
Ocean Foam,eSports 2014 Summer Case,Restricted,MP7,-1,-1,-1,-1,-1,-1,-1,-1,-1,-1
Steel Disruption,eSports 2014 Summer Case,Restricted,Glock-18,-1,-1,-1,-1,-1,-1,-1,-1,-1,-1
Crimson Web,eSports 2014 Summer Case,Restricted,Desert Eagle,-1,-1,-1,-1,-1,-1,-1,-1,-1,-1
Bengal Tiger,eSports 2014 Summer Case,Classified,AUG,-1,-1,-1,-1,-1,-1,-1,-1,-1,-1
Bloomstick,eSports 2014 Summer Case,Classified,Nova,-1,-1,-1,-1,-1,-1,-1,-1,-1,-1
Corticera,eSports 2014 Summer Case,Classified,AWP,-1,-1,-1,-1,-1,-1,-1,-1,-1,-1
Corticera,eSports 2014 Summer Case,Classified,P2000,-1,-1,-1,-1,-1,-1,-1,-1,-1,-1
Bullet Rain,eSports 2014 Summer Case,Covert,M4A4,-1,-1,-1,-1,-1,-1,-1,-1,-1,-1
Jaguar,eSports 2014 Summer Case,Covert,AK-47,-1,-1,-1,-1,-1,-1,-1,-1,-1,-1
Murky,Operation Vanguard Weapon Case,Mil-Spec,G3SG1,-1,-1,-1,-1,-1,-1,-1,-1,-1,-1
Firestarter,Operation Vanguard Weapon Case,Mil-Spec,MAG-7,-1,-1,-1,-1,-1,-1,-1,-1,-1,-1
Dart,Operation Vanguard Weapon Case,Mil-Spec,MP9,-1,-1,-1,-1,-1,-1,-1,-1,-1,-1
Urban Hazard,Operation Vanguard Weapon Case,Mil-Spec,Five-SeveN,-1,-1,-1,-1,-1,-1,-1,-1,-1,-1
Delusion,Operation Vanguard Weapon Case,Mil-Spec,UMP-45,-1,-1,-1,-1,-1,-1,-1,-1,-1,-1
Grinder,Operation Vanguard Weapon Case,Restricted,Glock-18,-1,-1,-1,-1,-1,-1,-1,-1,-1,-1
Basilisk,Operation Vanguard Weapon Case,Restricted,M4A1-S,-1,-1,-1,-1,-1,-1,-1,-1,-1,-1
Griffin,Operation Vanguard Weapon Case,Restricted,M4A4,-1,-1,-1,-1,-1,-1,-1,-1,-1,-1
Highwayman,Operation Vanguard Weapon Case,Restricted,Sawed-Off,-1,-1,-1,-1,-1,-1,-1,-1,-1,-1
Cartel,Operation Vanguard Weapon Case,Classified,P250,-1,-1,-1,-1,-1,-1,-1,-1,-1,-1
Cardiac,Operation Vanguard Weapon Case,Classified,SCAR-20,-1,-1,-1,-1,-1,-1,-1,-1,-1,-1
Tranquility,Operation Vanguard Weapon Case,Classified,XM1014,-1,-1,-1,-1,-1,-1,-1,-1,-1,-1
Wasteland Rebel,Operation Vanguard Weapon Case,Covert,AK-47,-1,-1,-1,-1,-1,-1,-1,-1,-1,-1
Fire Elemental,Operation Vanguard Weapon Case,Covert,P2000,-1,-1,-1,-1,-1,-1,-1,-1,-1,-1
Catacombs,Chroma Case,Mil-Spec,Glock-18,-1,-1,-1,-1,-1,-1,-1,-1,-1,-1
System Lock,Chroma Case,Mil-Spec,M249,-1,-1,-1,-1,-1,-1,-1,-1,-1,-1
Deadly Poison,Chroma Case,Mil-Spec,MP9,-1,-1,-1,-1,-1,-1,-1,-1,-1,-1
Grotto,Chroma Case,Mil-Spec,SCAR-20,-1,-1,-1,-1,-1,-1,-1,-1,-1,-1
Quicksilver,Chroma Case,Mil-Spec,XM1014,-1,-1,-1,-1,-1,-1,-1,-1,-1,-1
Urban Shock,Chroma Case,Restricted,Dual Berettas,-1,-1,-1,-1,-1,-1,-1,-1,-1,-1
Naga,Chroma Case,Restricted,Desert Eagle,-1,-1,-1,-1,-1,-1,-1,-1,-1,-1
Malachite,Chroma Case,Restricted,MAC-10,-1,-1,-1,-1,-1,-1,-1,-1,-1,-1
Serenity,Chroma Case,Restricted,Sawed-Off,-1,-1,-1,-1,-1,-1,-1,-1,-1,-1
Cartel,Chroma Case,Classified,AK-47,-1,-1,-1,-1,-1,-1,-1,-1,-1,-1
龍王 (Dragon King),Chroma Case,Classified,M4A4,-1,-1,-1,-1,-1,-1,-1,-1,-1,-1
Muertos,Chroma Case,Classified,P250,-1,-1,-1,-1,-1,-1,-1,-1,-1,-1
Man-o'-war,Chroma Case,Covert,AWP,-1,-1,-1,-1,-1,-1,-1,-1,-1,-1
Chatterbox,Chroma Case,Covert,Galil AR,-1,-1,-1,-1,-1,-1,-1,-1,-1,-1
Elite Build,Chroma 2 Case,Mil-Spec,AK-47,-1,-1,-1,-1,-1,-1,-1,-1,-1,-1
Armor Core,Chroma 2 Case,Mil-Spec,MP7,-1,-1,-1,-1,-1,-1,-1,-1,-1,-1
Bronze Deco,Chroma 2 Case,Mil-Spec,Desert Eagle,-1,-1,-1,-1,-1,-1,-1,-1,-1,-1
Valence,Chroma 2 Case,Mil-Spec,P250,-1,-1,-1,-1,-1,-1,-1,-1,-1,-1
Man-o'-war,Chroma 2 Case,Mil-Spec,Negev,-1,-1,-1,-1,-1,-1,-1,-1,-1,-1
Origami,Chroma 2 Case,Mil-Spec,Sawed-Off,-1,-1,-1,-1,-1,-1,-1,-1,-1,-1
Worm God,Chroma 2 Case,Restricted,AWP,-1,-1,-1,-1,-1,-1,-1,-1,-1,-1
Heat,Chroma 2 Case,Restricted,MAG-7,-1,-1,-1,-1,-1,-1,-1,-1,-1,-1
Pole Position,Chroma 2 Case,Restricted,CZ75-Auto,-1,-1,-1,-1,-1,-1,-1,-1,-1,-1
Grand Prix,Chroma 2 Case,Restricted,UMP-45,-1,-1,-1,-1,-1,-1,-1,-1,-1,-1
Monkey Business,Chroma 2 Case,Classified,Five-SeveN,-1,-1,-1,-1,-1,-1,-1,-1,-1,-1
Eco,Chroma 2 Case,Classified,Galil AR,-1,-1,-1,-1,-1,-1,-1,-1,-1,-1
Djinn,Chroma 2 Case,Classified,FAMAS,-1,-1,-1,-1,-1,-1,-1,-1,-1,-1
Hyper Beast,Chroma 2 Case,Covert,M4A1-S,-1,-1,-1,-1,-1,-1,-1,-1,-1,-1
Neon Rider,Chroma 2 Case,Covert,MAC-10,-1,-1,-1,-1,-1,-1,-1,-1,-1,-1
Rocket Pop,Falchion Case,Mil-Spec,Galil AR,-1,-1,-1,-1,-1,-1,-1,-1,-1,-1
Bunsen Burner,Falchion Case,Mil-Spec,Glock-18,-1,-1,-1,-1,-1,-1,-1,-1,-1,-1
Ranger,Falchion Case,Mil-Spec,Nova,-1,-1,-1,-1,-1,-1,-1,-1,-1,-1
Elite Build,Falchion Case,Mil-Spec,P90,-1,-1,-1,-1,-1,-1,-1,-1,-1,-1
Riot,Falchion Case,Mil-Spec,UMP-45,-1,-1,-1,-1,-1,-1,-1,-1,-1,-1
Torque,Falchion Case,Mil-Spec,USP-S,-1,-1,-1,-1,-1,-1,-1,-1,-1,-1
Neural Net,Falchion Case,Restricted,FAMAS,-1,-1,-1,-1,-1,-1,-1,-1,-1,-1
Evil Daimyo,Falchion Case,Restricted,M4A4,-1,-1,-1,-1,-1,-1,-1,-1,-1,-1
Ruby Poison Dart,Falchion Case,Restricted,MP9,-1,-1,-1,-1,-1,-1,-1,-1,-1,-1
Loudmouth,Falchion Case,Restricted,Negev,-1,-1,-1,-1,-1,-1,-1,-1,-1,-1
Handgun,Falchion Case,Restricted,P2000,-1,-1,-1,-1,-1,-1,-1,-1,-1,-1
Yellow Jacket,Falchion Case,Classified,CZ75-Auto,-1,-1,-1,-1,-1,-1,-1,-1,-1,-1
Nemesis,Falchion Case,Classified,MP7,-1,-1,-1,-1,-1,-1,-1,-1,-1,-1
Cyrex,Falchion Case,Classified,SG 553,-1,-1,-1,-1,-1,-1,-1,-1,-1,-1
Aquamarine Revenge,Falchion Case,Covert,AK-47,-1,-1,-1,-1,-1,-1,-1,-1,-1,-1
Hyper Beast,Falchion Case,Covert,AWP,-1,-1,-1,-1,-1,-1,-1,-1,-1,-1
Dualing Dragons,Shadow Case,Mil-Spec,Dual Berettas,-1,-1,-1,-1,-1,-1,-1,-1,-1,-1
Survivor Z,Shadow Case,Mil-Spec,FAMAS,-1,-1,-1,-1,-1,-1,-1,-1,-1,-1
Wraiths,Shadow Case,Mil-Spec,Glock-18,-1,-1,-1,-1,-1,-1,-1,-1,-1,-1
Rangeen,Shadow Case,Mil-Spec,MAC-10,-1,-1,-1,-1,-1,-1,-1,-1,-1,-1
Cobalt Core,Shadow Case,Mil-Spec,MAG-7,-1,-1,-1,-1,-1,-1,-1,-1,-1,-1
Green Marine,Shadow Case,Mil-Spec,SCAR-20,-1,-1,-1,-1,-1,-1,-1,-1,-1,-1
Scumbria,Shadow Case,Mil-Spec,XM1014,-1,-1,-1,-1,-1,-1,-1,-1,-1,-1
Stone Cold,Shadow Case,Restricted,Galil AR,-1,-1,-1,-1,-1,-1,-1,-1,-1,-1
Nebula Crusader,Shadow Case,Restricted,M249,-1,-1,-1,-1,-1,-1,-1,-1,-1,-1
Special Delivery,Shadow Case,Restricted,MP7,-1,-1,-1,-1,-1,-1,-1,-1,-1,-1
Wingshot,Shadow Case,Restricted,P250,-1,-1,-1,-1,-1,-1,-1,-1,-1,-1
Frontside Misty,Shadow Case,Classified,AK-47,-1,-1,-1,-1,-1,-1,-1,-1,-1,-1
Flux,Shadow Case,Classified,G3SG1,-1,-1,-1,-1,-1,-1,-1,-1,-1,-1
Big Iron,Shadow Case,Classified,SSG 08,-1,-1,-1,-1,-1,-1,-1,-1,-1,-1
Golden Coil,Shadow Case,Covert,M4A1-S,-1,-1,-1,-1,-1,-1,-1,-1,-1,-1
Kill Confirmed,Shadow Case,Covert,USP-S,-1,-1,-1,-1,-1,-1,-1,-1,-1,-1
Crimson Web,Revolver Case,Mil-Spec,R8 Revolver,-1,-1,-1,-1,-1,-1,-1,-1,-1,-1
Ricochet,Revolver Case,Mil-Spec,AUG,-1,-1,-1,-1,-1,-1,-1,-1,-1,-1
Corinthian,Revolver Case,Mil-Spec,Desert Eagle,-1,-1,-1,-1,-1,-1,-1,-1,-1,-1
Imperial,Revolver Case,Mil-Spec,P2000,-1,-1,-1,-1,-1,-1,-1,-1,-1,-1
Yorick,Revolver Case,Mil-Spec,Sawed-Off,-1,-1,-1,-1,-1,-1,-1,-1,-1,-1
Fuel Rod,Revolver Case,Restricted,PP-Bizon,-1,-1,-1,-1,-1,-1,-1,-1,-1,-1
Retrobution,Revolver Case,Restricted,Five-SeveN,-1,-1,-1,-1,-1,-1,-1,-1,-1,-1
Power Loader,Revolver Case,Restricted,Negev,-1,-1,-1,-1,-1,-1,-1,-1,-1,-1
Tiger Moth,Revolver Case,Restricted,SG 553,-1,-1,-1,-1,-1,-1,-1,-1,-1,-1
Avalanche,Revolver Case,Restricted,Tec-9,-1,-1,-1,-1,-1,-1,-1,-1,-1,-1
Teclu Burner,Revolver Case,Restricted,XM1014,-1,-1,-1,-1,-1,-1,-1,-1,-1,-1
Point Disarray,Revolver Case,Classified,AK-47,-1,-1,-1,-1,-1,-1,-1,-1,-1,-1
The Executioner,Revolver Case,Classified,G3SG1,-1,-1,-1,-1,-1,-1,-1,-1,-1,-1
Shapewood,Revolver Case,Classified,P90,-1,-1,-1,-1,-1,-1,-1,-1,-1,-1
Royal Paladin,Revolver Case,Covert,M4A4,-1,-1,-1,-1,-1,-1,-1,-1,-1,-1
Fade,Revolver Case,Covert,R8 Revolver,-1,-1,-1,-1,-1,-1,-1,-1,-1,-1
Photic Zone,Operation Wildfire Case,Mil-Spec,PP-Bizon,-1,-1,-1,-1,-1,-1,-1,-1,-1,-1
Cartel,Operation Wildfire Case,Mil-Spec,Dual Berettas,-1,-1,-1,-1,-1,-1,-1,-1,-1,-1
Lapis Gator,Operation Wildfire Case,Mil-Spec,MAC-10,-1,-1,-1,-1,-1,-1,-1,-1,-1,-1
Necropos,Operation Wildfire Case,Mil-Spec,SSG 08,-1,-1,-1,-1,-1,-1,-1,-1,-1,-1
Jambiya,Operation Wildfire Case,Mil-Spec,Tec-9,-1,-1,-1,-1,-1,-1,-1,-1,-1,-1
Lead Conduit,Operation Wildfire Case,Mil-Spec,USP-S,-1,-1,-1,-1,-1,-1,-1,-1,-1,-1
Valence,Operation Wildfire Case,Restricted,FAMAS,-1,-1,-1,-1,-1,-1,-1,-1,-1,-1
Triumvirate,Operation Wildfire Case,Restricted,Five-SeveN,-1,-1,-1,-1,-1,-1,-1,-1,-1,-1
Royal Legion,Operation Wildfire Case,Restricted,Glock-18,-1,-1,-1,-1,-1,-1,-1,-1,-1,-1
Praetorian,Operation Wildfire Case,Restricted,MAG-7,-1,-1,-1,-1,-1,-1,-1,-1,-1,-1
Impire,Operation Wildfire Case,Restricted,MP7,-1,-1,-1,-1,-1,-1,-1,-1,-1,-1
Elite Build,Operation Wildfire Case,Classified,AWP,-1,-1,-1,-1,-1,-1,-1,-1,-1,-1
Kumicho Dragon,Operation Wildfire Case,Classified,Desert Eagle,-1,-1,-1,-1,-1,-1,-1,-1,-1,-1
Hyper Beast,Operation Wildfire Case,Classified,Nova,-1,-1,-1,-1,-1,-1,-1,-1,-1,-1
The Battlestar,Operation Wildfire Case,Covert,M4A4,-1,-1,-1,-1,-1,-1,-1,-1,-1,-1
Fuel Injector,Operation Wildfire Case,Covert,AK-47,-1,-1,-1,-1,-1,-1,-1,-1,-1,-1
Ventilators,Chroma 3 Case,Mil-Spec,Dual Berettas,-1,-1,-1,-1,-1,-1,-1,-1,-1,-1
Orange Crash,Chroma 3 Case,Mil-Spec,G3SG1,-1,-1,-1,-1,-1,-1,-1,-1,-1,-1
Spectre,Chroma 3 Case,Mil-Spec,M249,-1,-1,-1,-1,-1,-1,-1,-1,-1,-1
Bioleak,Chroma 3 Case,Mil-Spec,MP9,-1,-1,-1,-1,-1,-1,-1,-1,-1,-1
Oceanic,Chroma 3 Case,Mil-Spec,P2000,-1,-1,-1,-1,-1,-1,-1,-1,-1,-1
Atlas,Chroma 3 Case,Mil-Spec,SG 553,-1,-1,-1,-1,-1,-1,-1,-1,-1,-1
Fubar,Chroma 3 Case,Mil-Spec,Sawed-Off,-1,-1,-1,-1,-1,-1,-1,-1,-1,-1
Firefight,Chroma 3 Case,Restricted,Galil AR,-1,-1,-1,-1,-1,-1,-1,-1,-1,-1
Red Astor,Chroma 3 Case,Restricted,CZ75-Auto,-1,-1,-1,-1,-1,-1,-1,-1,-1,-1
Black Tie,Chroma 3 Case,Restricted,XM1014,-1,-1,-1,-1,-1,-1,-1,-1,-1,-1
Ghost Crusader,Chroma 3 Case,Restricted,SSG 08,-1,-1,-1,-1,-1,-1,-1,-1,-1,-1
Re-Entry,Chroma 3 Case,Restricted,Tec-9,-1,-1,-1,-1,-1,-1,-1,-1,-1,-1
Primal Saber,Chroma 3 Case,Classified,UMP-45,-1,-1,-1,-1,-1,-1,-1,-1,-1,-1
Asiimov,Chroma 3 Case,Classified,P250,-1,-1,-1,-1,-1,-1,-1,-1,-1,-1
Fleet Flock,Chroma 3 Case,Classified,AUG,-1,-1,-1,-1,-1,-1,-1,-1,-1,-1
Chantico's Fire,Chroma 3 Case,Covert,M4A1-S,-1,-1,-1,-1,-1,-1,-1,-1,-1,-1
Judgement of Anubis,Chroma 3 Case,Covert,PP-Bizon,-1,-1,-1,-1,-1,-1,-1,-1,-1,-1
Violent Daimyo,Gamma Case,Mil-Spec,Five-SeveN,-1,-1,-1,-1,-1,-1,-1,-1,-1,-1
Carnivore,Gamma Case,Mil-Spec,MAC-10,-1,-1,-1,-1,-1,-1,-1,-1,-1,-1
Exo,Gamma Case,Mil-Spec,Nova,-1,-1,-1,-1,-1,-1,-1,-1,-1,-1
Iron Clad,Gamma Case,Mil-Spec,P250,-1,-1,-1,-1,-1,-1,-1,-1,-1,-1
Harvester,Gamma Case,Mil-Spec,PP-Bizon,-1,-1,-1,-1,-1,-1,-1,-1,-1,-1
Aerial,Gamma Case,Mil-Spec,SG 553,-1,-1,-1,-1,-1,-1,-1,-1,-1,-1
Ice Cap,Gamma Case,Mil-Spec,Tec-9,-1,-1,-1,-1,-1,-1,-1,-1,-1,-1
Aristocrat,Gamma Case,Restricted,AUG,-1,-1,-1,-1,-1,-1,-1,-1,-1,-1
Phobos,Gamma Case,Restricted,AWP,-1,-1,-1,-1,-1,-1,-1,-1,-1,-1
Chopper,Gamma Case,Restricted,P90,-1,-1,-1,-1,-1,-1,-1,-1,-1,-1
Reboot,Gamma Case,Restricted,R8 Revolver,-1,-1,-1,-1,-1,-1,-1,-1,-1,-1
Limelight,Gamma Case,Restricted,Sawed-Off,-1,-1,-1,-1,-1,-1,-1,-1,-1,-1
Desolate Space,Gamma Case,Classified,M4A4,-1,-1,-1,-1,-1,-1,-1,-1,-1,-1
Imperial Dragon,Gamma Case,Classified,P2000,-1,-1,-1,-1,-1,-1,-1,-1,-1,-1
Bloodsport,Gamma Case,Classified,SCAR-20,-1,-1,-1,-1,-1,-1,-1,-1,-1,-1
Wasteland Rebel,Gamma Case,Covert,Glock-18,-1,-1,-1,-1,-1,-1,-1,-1,-1,-1
Mecha Industries,Gamma Case,Covert,M4A1-S,-1,-1,-1,-1,-1,-1,-1,-1,-1,-1
Slipstream,Gamma 2 Case,Mil-Spec,XM1014,-1,-1,-1,-1,-1,-1,-1,-1,-1,-1
Briefing,Gamma 2 Case,Mil-Spec,UMP-45,-1,-1,-1,-1,-1,-1,-1,-1,-1,-1
Grim,Gamma 2 Case,Mil-Spec,P90,-1,-1,-1,-1,-1,-1,-1,-1,-1,-1
Dazzle,Gamma 2 Case,Mil-Spec,Negev,-1,-1,-1,-1,-1,-1,-1,-1,-1,-1
Ventilator,Gamma 2 Case,Mil-Spec,G3SG1,-1,-1,-1,-1,-1,-1,-1,-1,-1,-1
Scumbria,Gamma 2 Case,Mil-Spec,Five-SeveN,-1,-1,-1,-1,-1,-1,-1,-1,-1,-1
Imprint,Gamma 2 Case,Mil-Spec,CZ75-Auto,-1,-1,-1,-1,-1,-1,-1,-1,-1,-1
Triarch,Gamma 2 Case,Restricted,SG 553,-1,-1,-1,-1,-1,-1,-1,-1,-1,-1
Powercore,Gamma 2 Case,Restricted,SCAR-20,-1,-1,-1,-1,-1,-1,-1,-1,-1,-1
Petroglyph,Gamma 2 Case,Restricted,MAG-7,-1,-1,-1,-1,-1,-1,-1,-1,-1,-1
Weasel,Gamma 2 Case,Restricted,Glock-18,-1,-1,-1,-1,-1,-1,-1,-1,-1,-1
Directive,Gamma 2 Case,Restricted,Desert Eagle,-1,-1,-1,-1,-1,-1,-1,-1,-1,-1
Fuel Injector,Gamma 2 Case,Classified,Tec-9,-1,-1,-1,-1,-1,-1,-1,-1,-1,-1
Airlock,Gamma 2 Case,Classified,MP9,-1,-1,-1,-1,-1,-1,-1,-1,-1,-1
Syd Mead,Gamma 2 Case,Classified,AUG,-1,-1,-1,-1,-1,-1,-1,-1,-1,-1
Neon Revolution,Gamma 2 Case,Covert,AK-47,-1,-1,-1,-1,-1,-1,-1,-1,-1,-1
Roll Cage,Gamma 2 Case,Covert,FAMAS,-1,-1,-1,-1,-1,-1,-1,-1,-1,-1
Turf,Glove Case,Mil-Spec,P2000,-1,-1,-1,-1,-1,-1,-1,-1,-1,-1
Sonar,Glove Case,Mil-Spec,MAG-7,-1,-1,-1,-1,-1,-1,-1,-1,-1,-1
Sand Scale,Glove Case,Mil-Spec,MP9,-1,-1,-1,-1,-1,-1,-1,-1,-1,-1
Black Sand,Glove Case,Mil-Spec,Galil AR,-1,-1,-1,-1,-1,-1,-1,-1,-1,-1
Cirrus,Glove Case,Mil-Spec,MP7,-1,-1,-1,-1,-1,-1,-1,-1,-1,-1
Ironwork,Glove Case,Mil-Spec,Glock-18,-1,-1,-1,-1,-1,-1,-1,-1,-1,-1
Polymer,Glove Case,Mil-Spec,CZ75-Auto,-1,-1,-1,-1,-1,-1,-1,-1,-1,-1
Cyrex,Glove Case,Restricted,USP-S,-1,-1,-1,-1,-1,-1,-1,-1,-1,-1
Gila,Glove Case,Restricted,Nova,-1,-1,-1,-1,-1,-1,-1,-1,-1,-1
Flashback,Glove Case,Restricted,M4A1-S,-1,-1,-1,-1,-1,-1,-1,-1,-1,-1
Stinger,Glove Case,Restricted,G3SG1,-1,-1,-1,-1,-1,-1,-1,-1,-1,-1
Royal Consorts,Glove Case,Restricted,Dual Berettas,-1,-1,-1,-1,-1,-1,-1,-1,-1,-1
Wasteland Princess,Glove Case,Classified,Sawed-Off,-1,-1,-1,-1,-1,-1,-1,-1,-1,-1
Shallow Grave,Glove Case,Classified,P90,-1,-1,-1,-1,-1,-1,-1,-1,-1,-1
Mecha Industries,Glove Case,Classified,FAMAS,-1,-1,-1,-1,-1,-1,-1,-1,-1,-1
Buzz Kill,Glove Case,Covert,M4A4,-1,-1,-1,-1,-1,-1,-1,-1,-1,-1
Dragonfire,Glove Case,Covert,SSG 08,-1,-1,-1,-1,-1,-1,-1,-1,-1,-1
Jungle Slipstream,Spectrum Case,Mil-Spec,PP-Bizon,-1,-1,-1,-1,-1,-1,-1,-1,-1,-1
Blueprint,Spectrum Case,Mil-Spec,SCAR-20,-1,-1,-1,-1,-1,-1,-1,-1,-1,-1
Oxide Blaze,Spectrum Case,Mil-Spec,Desert Eagle,-1,-1,-1,-1,-1,-1,-1,-1,-1,-1
Capillary,Spectrum Case,Mil-Spec,Five-SeveN,-1,-1,-1,-1,-1,-1,-1,-1,-1,-1
Akoben,Spectrum Case,Mil-Spec,MP7,-1,-1,-1,-1,-1,-1,-1,-1,-1,-1
Ripple,Spectrum Case,Mil-Spec,P250,-1,-1,-1,-1,-1,-1,-1,-1,-1,-1
Zander,Spectrum Case,Mil-Spec,Sawed-Off,-1,-1,-1,-1,-1,-1,-1,-1,-1,-1
Crimson Tsunami,Spectrum Case,Restricted,Galil AR,-1,-1,-1,-1,-1,-1,-1,-1,-1,-1
Emerald Poison Dart,Spectrum Case,Restricted,M249,-1,-1,-1,-1,-1,-1,-1,-1,-1,-1
Last Dive,Spectrum Case,Restricted,MAC-10,-1,-1,-1,-1,-1,-1,-1,-1,-1,-1
Scaffold,Spectrum Case,Restricted,UMP-45,-1,-1,-1,-1,-1,-1,-1,-1,-1,-1
Seasons,Spectrum Case,Restricted,XM1014,-1,-1,-1,-1,-1,-1,-1,-1,-1,-1
Fever Dream,Spectrum Case,Classified,AWP,-1,-1,-1,-1,-1,-1,-1,-1,-1,-1
Xiangliu,Spectrum Case,Classified,CZ75-Auto,-1,-1,-1,-1,-1,-1,-1,-1,-1,-1
Decimator,Spectrum Case,Classified,M4A1-S,-1,-1,-1,-1,-1,-1,-1,-1,-1,-1
Bloodsport,Spectrum Case,Covert,AK-47,-1,-1,-1,-1,-1,-1,-1,-1,-1,-1
Neo-Noir,Spectrum Case,Covert,USP-S,-1,-1,-1,-1,-1,-1,-1,-1,-1,-1
Blueprint,Operation Hydra Case,Mil-Spec,USP-S,-1,-1,-1,-1,-1,-1,-1,-1,-1,-1
Macabre,Operation Hydra Case,Mil-Spec,FAMAS,-1,-1,-1,-1,-1,-1,-1,-1,-1,-1
Briefing,Operation Hydra Case,Mil-Spec,M4A1-S,-1,-1,-1,-1,-1,-1,-1,-1,-1,-1
Aloha,Operation Hydra Case,Mil-Spec,MAC-10,-1,-1,-1,-1,-1,-1,-1,-1,-1,-1
Hard Water,Operation Hydra Case,Mil-Spec,MAG-7,-1,-1,-1,-1,-1,-1,-1,-1,-1,-1
Cut Out,Operation Hydra Case,Mil-Spec,Tec-9,-1,-1,-1,-1,-1,-1,-1,-1,-1,-1
Metal Flowers,Operation Hydra Case,Mil-Spec,UMP-45,-1,-1,-1,-1,-1,-1,-1,-1,-1,-1
Orbit Mk01,Operation Hydra Case,Restricted,AK-47,-1,-1,-1,-1,-1,-1,-1,-1,-1,-1
Woodsman,Operation Hydra Case,Restricted,P2000,-1,-1,-1,-1,-1,-1,-1,-1,-1,-1
Red Rock,Operation Hydra Case,Restricted,P250,-1,-1,-1,-1,-1,-1,-1,-1,-1,-1
Death Grip,Operation Hydra Case,Restricted,P90,-1,-1,-1,-1,-1,-1,-1,-1,-1,-1
Death's Head,Operation Hydra Case,Restricted,SSG 08,-1,-1,-1,-1,-1,-1,-1,-1,-1,-1
Cobra Strike,Operation Hydra Case,Classified,Dual Berettas,-1,-1,-1,-1,-1,-1,-1,-1,-1,-1
Sugar Rush,Operation Hydra Case,Classified,Galil AR,-1,-1,-1,-1,-1,-1,-1,-1,-1,-1
Hellfire,Operation Hydra Case,Classified,M4A4,-1,-1,-1,-1,-1,-1,-1,-1,-1,-1
Hyper Beast,Operation Hydra Case,Covert,Five-SeveN,-1,-1,-1,-1,-1,-1,-1,-1,-1,-1
Oni Taiji,Operation Hydra Case,Covert,AWP,-1,-1,-1,-1,-1,-1,-1,-1,-1,-1
Oceanic,Spectrum 2 Case,Mil-Spec,MAC-10,-1,-1,-1,-1,-1,-1,-1,-1,-1,-1
Morris,Spectrum 2 Case,Mil-Spec,Sawed-Off,-1,-1,-1,-1,-1,-1,-1,-1,-1,-1
Jungle Slipstream,Spectrum 2 Case,Mil-Spec,SCAR-20,-1,-1,-1,-1,-1,-1,-1,-1,-1,-1
Capillary,Spectrum 2 Case,Mil-Spec,Five-SeveN,-1,-1,-1,-1,-1,-1,-1,-1,-1,-1
Triqua,Spectrum 2 Case,Mil-Spec,AUG,-1,-1,-1,-1,-1,-1,-1,-1,-1,-1
Hunter,Spectrum 2 Case,Mil-Spec,G3SG1,-1,-1,-1,-1,-1,-1,-1,-1,-1,-1
Cracked Opal,Spectrum 2 Case,Mil-Spec,Tec-9,-1,-1,-1,-1,-1,-1,-1,-1,-1,-1
Off World,Spectrum 2 Case,Mil-Spec,Glock-18,-1,-1,-1,-1,-1,-1,-1,-1,-1,-1
Goo,Spectrum 2 Case,Restricted,MP9,-1,-1,-1,-1,-1,-1,-1,-1,-1,-1
Phantom,Spectrum 2 Case,Restricted,SG 553,-1,-1,-1,-1,-1,-1,-1,-1,-1,-1
Ziggy,Spectrum 2 Case,Restricted,XM1014,-1,-1,-1,-1,-1,-1,-1,-1,-1,-1
Exposure,Spectrum 2 Case,Restricted,UMP-45,-1,-1,-1,-1,-1,-1,-1,-1,-1,-1
Tacticat,Spectrum 2 Case,Restricted,CZ75-Auto,-1,-1,-1,-1,-1,-1,-1,-1,-1,-1
High Roller,Spectrum 2 Case,Classified,PP-Bizon,-1,-1,-1,-1,-1,-1,-1,-1,-1,-1
Llama Cannon,Spectrum 2 Case,Classified,R8 Revolver,-1,-1,-1,-1,-1,-1,-1,-1,-1,-1
Leaded Glass,Spectrum 2 Case,Classified,M4A1-S,-1,-1,-1,-1,-1,-1,-1,-1,-1,-1
The Empress,Spectrum 2 Case,Covert,AK-47,-1,-1,-1,-1,-1,-1,-1,-1,-1,-1
See Ya Later,Spectrum 2 Case,Covert,P250,-1,-1,-1,-1,-1,-1,-1,-1,-1,-1
Aloha,Clutch Case,Mil-Spec,SG 553,-1,-1,-1,-1,-1,-1,-1,-1,-1,-1
Black Sand,Clutch Case,Mil-Spec,MP9,-1,-1,-1,-1,-1,-1,-1,-1,-1,-1
Oxide Blaze,Clutch Case,Mil-Spec,XM1014,-1,-1,-1,-1,-1,-1,-1,-1,-1,-1
Urban Hazard,Clutch Case,Mil-Spec,P2000,-1,-1,-1,-1,-1,-1,-1,-1,-1,-1
Grip,Clutch Case,Mil-Spec,R8 Revolver,-1,-1,-1,-1,-1,-1,-1,-1,-1,-1
Flame Test,Clutch Case,Mil-Spec,Five-SeveN,-1,-1,-1,-1,-1,-1,-1,-1,-1,-1
Night Riot,Clutch Case,Mil-Spec,PP-Bizon,-1,-1,-1,-1,-1,-1,-1,-1,-1,-1
Wild Six,Clutch Case,Restricted,Nova,-1,-1,-1,-1,-1,-1,-1,-1,-1,-1
Lionfish,Clutch Case,Restricted,Negev,-1,-1,-1,-1,-1,-1,-1,-1,-1,-1
SWAG-7,Clutch Case,Restricted,MAG-7,-1,-1,-1,-1,-1,-1,-1,-1,-1,-1
Arctic Wolf,Clutch Case,Restricted,UMP-45,-1,-1,-1,-1,-1,-1,-1,-1,-1,-1
Moonrise,Clutch Case,Restricted,Glock-18,-1,-1,-1,-1,-1,-1,-1,-1,-1,-1
Cortex,Clutch Case,Classified,USP-S,-1,-1,-1,-1,-1,-1,-1,-1,-1,-1
Stymphalian,Clutch Case,Classified,AUG,-1,-1,-1,-1,-1,-1,-1,-1,-1,-1
Mortis,Clutch Case,Classified,AWP,-1,-1,-1,-1,-1,-1,-1,-1,-1,-1
Bloodsport,Clutch Case,Covert,MP7,-1,-1,-1,-1,-1,-1,-1,-1,-1,-1
Neo-Noir,Clutch Case,Covert,M4A4,-1,-1,-1,-1,-1,-1,-1,-1,-1,-1
Shred,Horizon Case,Mil-Spec,Dual Berettas,-1,-1,-1,-1,-1,-1,-1,-1,-1,-1
Survivalist,Horizon Case,Mil-Spec,R8 Revolver,-1,-1,-1,-1,-1,-1,-1,-1,-1,-1
Capillary,Horizon Case,Mil-Spec,MP9,-1,-1,-1,-1,-1,-1,-1,-1,-1,-1
Amber Slipstream,Horizon Case,Mil-Spec,AUG,-1,-1,-1,-1,-1,-1,-1,-1,-1,-1
Snek-9,Horizon Case,Mil-Spec,Tec-9,-1,-1,-1,-1,-1,-1,-1,-1,-1,-1
Traction,Horizon Case,Mil-Spec,P90,-1,-1,-1,-1,-1,-1,-1,-1,-1,-1
Warhawk,Horizon Case,Mil-Spec,Glock-18,-1,-1,-1,-1,-1,-1,-1,-1,-1,-1
Toy Soldier,Horizon Case,Restricted,Nova,-1,-1,-1,-1,-1,-1,-1,-1,-1,-1
High Seas,Horizon Case,Restricted,G3SG1,-1,-1,-1,-1,-1,-1,-1,-1,-1,-1
Powercore,Horizon Case,Restricted,MP7,-1,-1,-1,-1,-1,-1,-1,-1,-1,-1
Eco,Horizon Case,Restricted,CZ75-Auto,-1,-1,-1,-1,-1,-1,-1,-1,-1,-1
PAW,Horizon Case,Restricted,AWP,-1,-1,-1,-1,-1,-1,-1,-1,-1,-1
Eye of Athena,Horizon Case,Classified,FAMAS,-1,-1,-1,-1,-1,-1,-1,-1,-1,-1
Devourer,Horizon Case,Classified,Sawed-Off,-1,-1,-1,-1,-1,-1,-1,-1,-1,-1
Nightmare,Horizon Case,Classified,M4A1-S,-1,-1,-1,-1,-1,-1,-1,-1,-1,-1
Code Red,Horizon Case,Covert,Desert Eagle,-1,-1,-1,-1,-1,-1,-1,-1,-1,-1
Neon Rider,Horizon Case,Covert,AK-47,-1,-1,-1,-1,-1,-1,-1,-1,-1,-1
Modest Threat,Danger Zone Case,Mil-Spec,MP9,-1,-1,-1,-1,-1,-1,-1,-1,-1,-1
Oxide Blaze,Danger Zone Case,Mil-Spec,Glock-18,-1,-1,-1,-1,-1,-1,-1,-1,-1,-1
Wood Fired,Danger Zone Case,Mil-Spec,Nova,-1,-1,-1,-1,-1,-1,-1,-1,-1,-1
Magnesium,Danger Zone Case,Mil-Spec,M4A4,-1,-1,-1,-1,-1,-1,-1,-1,-1,-1
Black Sand,Danger Zone Case,Mil-Spec,Sawed-Off,-1,-1,-1,-1,-1,-1,-1,-1,-1,-1
Danger Close,Danger Zone Case,Mil-Spec,SG 553,-1,-1,-1,-1,-1,-1,-1,-1,-1,-1
Fubar,Danger Zone Case,Mil-Spec,Tec-9,-1,-1,-1,-1,-1,-1,-1,-1,-1,-1
Scavenger,Danger Zone Case,Restricted,G3SG1,-1,-1,-1,-1,-1,-1,-1,-1,-1,-1
Signal,Danger Zone Case,Restricted,Galil AR,-1,-1,-1,-1,-1,-1,-1,-1,-1,-1
Pipe Down,Danger Zone Case,Restricted,MAC-10,-1,-1,-1,-1,-1,-1,-1,-1,-1,-1
Nevermore,Danger Zone Case,Restricted,P250,-1,-1,-1,-1,-1,-1,-1,-1,-1,-1
Flashback,Danger Zone Case,Restricted,USP-S,-1,-1,-1,-1,-1,-1,-1,-1,-1,-1
Momentum,Danger Zone Case,Classified,UMP-45,-1,-1,-1,-1,-1,-1,-1,-1,-1,-1
Mecha Industries,Danger Zone Case,Classified,Desert Eagle,-1,-1,-1,-1,-1,-1,-1,-1,-1,-1
Phosphor,Danger Zone Case,Classified,MP5-SD,-1,-1,-1,-1,-1,-1,-1,-1,-1,-1
Asiimov,Danger Zone Case,Covert,AK-47,-1,-1,-1,-1,-1,-1,-1,-1,-1,-1
Neo-Noir,Danger Zone Case,Covert,AWP,-1,-1,-1,-1,-1,-1,-1,-1,-1,-1
Crypsis,Prisma Case,Mil-Spec,FAMAS,-1,-1,-1,-1,-1,-1,-1,-1,-1,-1
Uncharted,Prisma Case,Mil-Spec,AK-47,-1,-1,-1,-1,-1,-1,-1,-1,-1,-1
Whitefish,Prisma Case,Mil-Spec,MAC-10,-1,-1,-1,-1,-1,-1,-1,-1,-1,-1
Akoben,Prisma Case,Mil-Spec,Galil AR,-1,-1,-1,-1,-1,-1,-1,-1,-1,-1
Mischief,Prisma Case,Mil-Spec,MP7,-1,-1,-1,-1,-1,-1,-1,-1,-1,-1
Verdigris,Prisma Case,Mil-Spec,P250,-1,-1,-1,-1,-1,-1,-1,-1,-1,-1
Off World,Prisma Case,Mil-Spec,P90,-1,-1,-1,-1,-1,-1,-1,-1,-1,-1
Atheris,Prisma Case,Restricted,AWP,-1,-1,-1,-1,-1,-1,-1,-1,-1,-1
Bamboozle,Prisma Case,Restricted,Tec-9,-1,-1,-1,-1,-1,-1,-1,-1,-1,-1
Light Rail,Prisma Case,Restricted,Desert Eagle,-1,-1,-1,-1,-1,-1,-1,-1,-1,-1
Gauss,Prisma Case,Restricted,MP5-SD,-1,-1,-1,-1,-1,-1,-1,-1,-1,-1
Moonrise,Prisma Case,Restricted,UMP-45,-1,-1,-1,-1,-1,-1,-1,-1,-1,-1
Skull Crusher,Prisma Case,Classified,R8 Revolver,-1,-1,-1,-1,-1,-1,-1,-1,-1,-1
Momentum,Prisma Case,Classified,AUG,-1,-1,-1,-1,-1,-1,-1,-1,-1,-1
Incinegator,Prisma Case,Classified,XM1014,-1,-1,-1,-1,-1,-1,-1,-1,-1,-1
Angry Mob,Prisma Case,Covert,Five-SeveN,-1,-1,-1,-1,-1,-1,-1,-1,-1,-1
The Emperor,Prisma Case,Covert,M4A4,-1,-1,-1,-1,-1,-1,-1,-1,-1,-1
Flash out,CS20 Case,Mil-Spec,Tec-9,-1,-1,-1,-1,-1,-1,-1,-1,-1,-1
Assault,CS20 Case,Mil-Spec,SCAR-20,-1,-1,-1,-1,-1,-1,-1,-1,-1,-1
Elite 1.6,CS20 Case,Mil-Spec,Dual Berettas,-1,-1,-1,-1,-1,-1,-1,-1,-1,-1
Popdog,CS20 Case,Mil-Spec,MAG-7,-1,-1,-1,-1,-1,-1,-1,-1,-1,-1
Classic Crate,CS20 Case,Mil-Spec,MAC-10,-1,-1,-1,-1,-1,-1,-1,-1,-1,-1
Decommissioned,CS20 Case,Mil-Spec,FAMAS,-1,-1,-1,-1,-1,-1,-1,-1,-1,-1
Sacrifice,CS20 Case,Mil-Spec,Glock-18,-1,-1,-1,-1,-1,-1,-1,-1,-1,-1
Aztec,CS20 Case,Restricted,M249,-1,-1,-1,-1,-1,-1,-1,-1,-1,-1
Buddy,CS20 Case,Restricted,Five-SeveN,-1,-1,-1,-1,-1,-1,-1,-1,-1,-1
Plastique,CS20 Case,Restricted,UMP-45,-1,-1,-1,-1,-1,-1,-1,-1,-1,-1
Inferno,CS20 Case,Restricted,P250,-1,-1,-1,-1,-1,-1,-1,-1,-1,-1
Agent,CS20 Case,Restricted,MP5-SD,-1,-1,-1,-1,-1,-1,-1,-1,-1,-1
Nostalgia,CS20 Case,Classified,P90,-1,-1,-1,-1,-1,-1,-1,-1,-1,-1
Death by Puppy,CS20 Case,Classified,AUG,-1,-1,-1,-1,-1,-1,-1,-1,-1,-1
Hydra,CS20 Case,Classified,MP9,-1,-1,-1,-1,-1,-1,-1,-1,-1,-1
Commemoration,CS20 Case,Covert,FAMAS,-1,-1,-1,-1,-1,-1,-1,-1,-1,-1
Wildfire,CS20 Case,Covert,AWP,-1,-1,-1,-1,-1,-1,-1,-1,-1,-1
Plume,Shattered Web Case,Mil-Spec,Nova,-1,-1,-1,-1,-1,-1,-1,-1,-1,-1
Black Sand,Shattered Web Case,Mil-Spec,G3SG1,-1,-1,-1,-1,-1,-1,-1,-1,-1,-1
Memento,Shattered Web Case,Mil-Spec,R8 Revolver,-1,-1,-1,-1,-1,-1,-1,-1,-1,-1
Warbird,Shattered Web Case,Mil-Spec,M249,-1,-1,-1,-1,-1,-1,-1,-1,-1,-1
Torn,Shattered Web Case,Mil-Spec,SCAR-20,-1,-1,-1,-1,-1,-1,-1,-1,-1,-1
Acid Wash,Shattered Web Case,Mil-Spec,MP5-SD,-1,-1,-1,-1,-1,-1,-1,-1,-1,-1
Balance,Shattered Web Case,Mil-Spec,Dual Berettas,-1,-1,-1,-1,-1,-1,-1,-1,-1,-1
Embargo,Shattered Web Case,Restricted,PP-Bizon,-1,-1,-1,-1,-1,-1,-1,-1,-1,-1
Obsidian,Shattered Web Case,Restricted,P2000,-1,-1,-1,-1,-1,-1,-1,-1,-1,-1
Neon Ply,Shattered Web Case,Restricted,MP7,-1,-1,-1,-1,-1,-1,-1,-1,-1,-1
Arctic Wolf,Shattered Web Case,Restricted,AUG,-1,-1,-1,-1,-1,-1,-1,-1,-1,-1
Rat Rod,Shattered Web Case,Restricted,AK-47,-1,-1,-1,-1,-1,-1,-1,-1,-1,-1
Decimator,Shattered Web Case,Classified,Tec-9,-1,-1,-1,-1,-1,-1,-1,-1,-1,-1
Bloodshot,Shattered Web Case,Classified,SSG 08,-1,-1,-1,-1,-1,-1,-1,-1,-1,-1
Colony IV,Shattered Web Case,Classified,SG 553,-1,-1,-1,-1,-1,-1,-1,-1,-1,-1
Stalker,Shattered Web Case,Covert,MAC-10,-1,-1,-1,-1,-1,-1,-1,-1,-1,-1
Containment Breach,Shattered Web Case,Covert,AWP,-1,-1,-1,-1,-1,-1,-1,-1,-1,-1
Distressed,Prisma 2 Case,Mil-Spec,CZ75-Auto,-1,-1,-1,-1,-1,-1,-1,-1,-1,-1
Prototype,Prisma 2 Case,Mil-Spec,Negev,-1,-1,-1,-1,-1,-1,-1,-1,-1,-1
Bone Forged,Prisma 2 Case,Mil-Spec,R8 Revolver,-1,-1,-1,-1,-1,-1,-1,-1,-1,-1
Desert Strike,Prisma 2 Case,Mil-Spec,MP5-SD,-1,-1,-1,-1,-1,-1,-1,-1,-1,-1
Tom Cat,Prisma 2 Case,Mil-Spec,AUG,-1,-1,-1,-1,-1,-1,-1,-1,-1,-1
Blue Ply,Prisma 2 Case,Mil-Spec,Desert Eagle,-1,-1,-1,-1,-1,-1,-1,-1,-1,-1
Capillary,Prisma 2 Case,Mil-Spec,AWP,-1,-1,-1,-1,-1,-1,-1,-1,-1,-1
Acid Etched,Prisma 2 Case,Restricted,P2000,-1,-1,-1,-1,-1,-1,-1,-1,-1,-1
Enforcer,Prisma 2 Case,Restricted,SCAR-20,-1,-1,-1,-1,-1,-1,-1,-1,-1,-1
Apocalypto,Prisma 2 Case,Restricted,Sawed-Off,-1,-1,-1,-1,-1,-1,-1,-1,-1,-1
Dark Wing,Prisma 2 Case,Restricted,SG 553,-1,-1,-1,-1,-1,-1,-1,-1,-1,-1
Fever Dream,Prisma 2 Case,Restricted,SSG 08,-1,-1,-1,-1,-1,-1,-1,-1,-1,-1
Justice,Prisma 2 Case,Classified,MAG-7,-1,-1,-1,-1,-1,-1,-1,-1,-1,-1
Disco Tech,Prisma 2 Case,Classified,MAC-10,-1,-1,-1,-1,-1,-1,-1,-1,-1,-1
Phantom Disruptor,Prisma 2 Case,Classified,AK-47,-1,-1,-1,-1,-1,-1,-1,-1,-1,-1
Player Two,Prisma 2 Case,Covert,M4A1-S,-1,-1,-1,-1,-1,-1,-1,-1,-1,-1
Bullet Queen,Prisma 2 Case,Covert,Glock-18,-1,-1,-1,-1,-1,-1,-1,-1,-1,-1
Ol' Rusty,Fracture Case,Mil-Spec,SG 553,-1,-1,-1,-1,-1,-1,-1,-1,-1,-1
Ultralight,Fracture Case,Mil-Spec,Negev,-1,-1,-1,-1,-1,-1,-1,-1,-1,-1
Gnarled,Fracture Case,Mil-Spec,P2000,-1,-1,-1,-1,-1,-1,-1,-1,-1,-1
Cassette,Fracture Case,Mil-Spec,P250,-1,-1,-1,-1,-1,-1,-1,-1,-1,-1
Freight,Fracture Case,Mil-Spec,P90,-1,-1,-1,-1,-1,-1,-1,-1,-1,-1
Runic,Fracture Case,Mil-Spec,PP-Bizon,-1,-1,-1,-1,-1,-1,-1,-1,-1,-1
Mainframe 001,Fracture Case,Mil-Spec,SSG 08,-1,-1,-1,-1,-1,-1,-1,-1,-1,-1
Monster Call,Fracture Case,Restricted,MAG-7,-1,-1,-1,-1,-1,-1,-1,-1,-1,-1
Brother,Fracture Case,Restricted,Tec-9,-1,-1,-1,-1,-1,-1,-1,-1,-1,-1
Connexion,Fracture Case,Restricted,Galil AR,-1,-1,-1,-1,-1,-1,-1,-1,-1,-1
Kitbash,Fracture Case,Restricted,MP5-SD,-1,-1,-1,-1,-1,-1,-1,-1,-1,-1
Allure,Fracture Case,Restricted,MAC-10,-1,-1,-1,-1,-1,-1,-1,-1,-1,-1
Entombed,Fracture Case,Classified,XM1014,-1,-1,-1,-1,-1,-1,-1,-1,-1,-1
Vogue,Fracture Case,Classified,Glock-18,-1,-1,-1,-1,-1,-1,-1,-1,-1,-1
Tooth Fairy,Fracture Case,Classified,M4A4,-1,-1,-1,-1,-1,-1,-1,-1,-1,-1
Legion of Anubis,Fracture Case,Covert,AK-47,-1,-1,-1,-1,-1,-1,-1,-1,-1,-1
Printstream,Fracture Case,Covert,Desert Eagle,-1,-1,-1,-1,-1,-1,-1,-1,-1,-1
Digital Mesh,Broken Fang Case,Mil-Spec,G3SG1,-1,-1,-1,-1,-1,-1,-1,-1,-1,-1
Deep Relief,Broken Fang Case,Mil-Spec,M249,-1,-1,-1,-1,-1,-1,-1,-1,-1,-1
Containment,Broken Fang Case,Mil-Spec,P250,-1,-1,-1,-1,-1,-1,-1,-1,-1,-1
Vendetta,Broken Fang Case,Mil-Spec,CZ75-Auto,-1,-1,-1,-1,-1,-1,-1,-1,-1,-1
Cocoa Rampage,Broken Fang Case,Mil-Spec,P90,-1,-1,-1,-1,-1,-1,-1,-1,-1,-1
Vandal,Broken Fang Case,Mil-Spec,Galil AR,-1,-1,-1,-1,-1,-1,-1,-1,-1,-1
Condition Zero,Broken Fang Case,Mil-Spec,MP5-SD,-1,-1,-1,-1,-1,-1,-1,-1,-1,-1
Gold Bismuth,Broken Fang Case,Restricted,UMP-45,-1,-1,-1,-1,-1,-1,-1,-1,-1,-1
Dezastre,Broken Fang Case,Restricted,Dual Berettas,-1,-1,-1,-1,-1,-1,-1,-1,-1,-1
Clear Polymer,Broken Fang Case,Restricted,Nova,-1,-1,-1,-1,-1,-1,-1,-1,-1,-1
Parallax,Broken Fang Case,Restricted,SSG 08,-1,-1,-1,-1,-1,-1,-1,-1,-1,-1
Exoskeleton,Broken Fang Case,Restricted,AWP,-1,-1,-1,-1,-1,-1,-1,-1,-1,-1
Fairy Tale,Broken Fang Case,Classified,Five-SeveN,-1,-1,-1,-1,-1,-1,-1,-1,-1,-1
Monster Mashup,Broken Fang Case,Classified,USP-S,-1,-1,-1,-1,-1,-1,-1,-1,-1,-1
Cyber Security,Broken Fang Case,Classified,M4A4,-1,-1,-1,-1,-1,-1,-1,-1,-1,-1
Neo-Noir,Broken Fang Case,Covert,Glock-18,-1,-1,-1,-1,-1,-1,-1,-1,-1,-1
Printstream,Broken Fang Case,Covert,M4A1-S,-1,-1,-1,-1,-1,-1,-1,-1,-1,-1
Oscillator,Snakebite Case,Mil-Spec,UMP-45,-1,-1,-1,-1,-1,-1,-1,-1,-1,-1
Windblown,Snakebite Case,Mil-Spec,Nova,-1,-1,-1,-1,-1,-1,-1,-1,-1,-1
O.S.I.P.R.,Snakebite Case,Mil-Spec,M249,-1,-1,-1,-1,-1,-1,-1,-1,-1,-1
Circaetus,Snakebite Case,Mil-Spec,CZ75-Auto,-1,-1,-1,-1,-1,-1,-1,-1,-1,-1
Junk Yard,Snakebite Case,Mil-Spec,R8 Revolver,-1,-1,-1,-1,-1,-1,-1,-1,-1,-1
Heavy Metal,Snakebite Case,Mil-Spec,SG 553,-1,-1,-1,-1,-1,-1,-1,-1,-1,-1
Clear Polymer,Snakebite Case,Mil-Spec,Glock-18,-1,-1,-1,-1,-1,-1,-1,-1,-1,-1
dev_texture,Snakebite Case,Restricted,Negev,-1,-1,-1,-1,-1,-1,-1,-1,-1,-1
Button Masher,Snakebite Case,Restricted,MAC-10,-1,-1,-1,-1,-1,-1,-1,-1,-1,-1
Cyber Shell,Snakebite Case,Restricted,P250,-1,-1,-1,-1,-1,-1,-1,-1,-1,-1
Trigger Discipline,Snakebite Case,Restricted,Desert Eagle,-1,-1,-1,-1,-1,-1,-1,-1,-1,-1
Slate,Snakebite Case,Restricted,AK-47,-1,-1,-1,-1,-1,-1,-1,-1,-1,-1
XOXO,Snakebite Case,Classified,XM1014,-1,-1,-1,-1,-1,-1,-1,-1,-1,-1
Chromatic Aberration,Snakebite Case,Classified,Galil AR,-1,-1,-1,-1,-1,-1,-1,-1,-1,-1
Food Chain,Snakebite Case,Classified,MP9,-1,-1,-1,-1,-1,-1,-1,-1,-1,-1
In Living Color,Snakebite Case,Covert,M4A4,-1,-1,-1,-1,-1,-1,-1,-1,-1,-1
The Traitor,Snakebite Case,Covert,USP-S,-1,-1,-1,-1,-1,-1,-1,-1,-1,-1
Plague,Operation Riptide Case,Mil-Spec,AUG,-1,-1,-1,-1,-1,-1,-1,-1,-1,-1
Tread,Operation Riptide Case,Mil-Spec,Dual Berettas,-1,-1,-1,-1,-1,-1,-1,-1,-1,-1
Keeping Tabs,Operation Riptide Case,Mil-Spec,G3SG1,-1,-1,-1,-1,-1,-1,-1,-1,-1,-1
Guerrilla,Operation Riptide Case,Mil-Spec,MP7,-1,-1,-1,-1,-1,-1,-1,-1,-1,-1
Lumen,Operation Riptide Case,Mil-Spec,PP-Bizon,-1,-1,-1,-1,-1,-1,-1,-1,-1,-1
Black Lotus,Operation Riptide Case,Mil-Spec,USP-S,-1,-1,-1,-1,-1,-1,-1,-1,-1,-1
Watchdog,Operation Riptide Case,Mil-Spec,XM1014,-1,-1,-1,-1,-1,-1,-1,-1,-1,-1
BI83 Spectrum,Operation Riptide Case,Restricted,MAG-7,-1,-1,-1,-1,-1,-1,-1,-1,-1,-1
ZX Spectron,Operation Riptide Case,Restricted,FAMAS,-1,-1,-1,-1,-1,-1,-1,-1,-1,-1
Boost Protocol,Operation Riptide Case,Restricted,Five-SeveN,-1,-1,-1,-1,-1,-1,-1,-1,-1,-1
Mount Fuji,Operation Riptide Case,Restricted,MP9,-1,-1,-1,-1,-1,-1,-1,-1,-1,-1
Spider Lily,Operation Riptide Case,Restricted,M4A4,-1,-1,-1,-1,-1,-1,-1,-1,-1,-1
Toybox,Operation Riptide Case,Classified,MAC-10,-1,-1,-1,-1,-1,-1,-1,-1,-1,-1
Snack Attack,Operation Riptide Case,Classified,Glock-18,-1,-1,-1,-1,-1,-1,-1,-1,-1,-1
Turbo Peek,Operation Riptide Case,Classified,SSG 08,-1,-1,-1,-1,-1,-1,-1,-1,-1,-1
Leet Museo,Operation Riptide Case,Covert,AK-47,-1,-1,-1,-1,-1,-1,-1,-1,-1,-1
Ocean Drive,Operation Riptide Case,Covert,Desert Eagle,-1,-1,-1,-1,-1,-1,-1,-1,-1,-1
Scrawl,Dreams &amp; Nightmares Case,Mil-Spec,Five-SeveN,-1,-1,-1,-1,-1,-1,-1,-1,-1,-1
Ensnared,Dreams &amp; Nightmares Case,Mil-Spec,MAC-10,-1,-1,-1,-1,-1,-1,-1,-1,-1,-1
Foresight,Dreams &amp; Nightmares Case,Mil-Spec,MAG-7,-1,-1,-1,-1,-1,-1,-1,-1,-1,-1
Necro Jr.,Dreams &amp; Nightmares Case,Mil-Spec,MP5-SD,-1,-1,-1,-1,-1,-1,-1,-1,-1,-1
Lifted Spirits,Dreams &amp; Nightmares Case,Mil-Spec,P2000,-1,-1,-1,-1,-1,-1,-1,-1,-1,-1
Poultrygeist,Dreams &amp; Nightmares Case,Mil-Spec,SCAR-20,-1,-1,-1,-1,-1,-1,-1,-1,-1,-1
Spirit Board,Dreams &amp; Nightmares Case,Mil-Spec,Sawed-Off,-1,-1,-1,-1,-1,-1,-1,-1,-1,-1
Space Cat,Dreams &amp; Nightmares Case,Restricted,PP-Bizon,-1,-1,-1,-1,-1,-1,-1,-1,-1,-1
Dream Glade,Dreams &amp; Nightmares Case,Restricted,G3SG1,-1,-1,-1,-1,-1,-1,-1,-1,-1,-1
Night Terror,Dreams &amp; Nightmares Case,Restricted,M4A1-S,-1,-1,-1,-1,-1,-1,-1,-1,-1,-1
Zombie Offensive,Dreams &amp; Nightmares Case,Restricted,XM1014,-1,-1,-1,-1,-1,-1,-1,-1,-1,-1
Ticket to Hell,Dreams &amp; Nightmares Case,Restricted,USP-S,-1,-1,-1,-1,-1,-1,-1,-1,-1,-1
Melondrama,Dreams &amp; Nightmares Case,Classified,Dual Berettas,-1,-1,-1,-1,-1,-1,-1,-1,-1,-1
Rapid Eye Movement,Dreams &amp; Nightmares Case,Classified,FAMAS,-1,-1,-1,-1,-1,-1,-1,-1,-1,-1
Abyssal Apparition,Dreams &amp; Nightmares Case,Classified,MP7,-1,-1,-1,-1,-1,-1,-1,-1,-1,-1
Nightwish,Dreams &amp; Nightmares Case,Covert,AK-47,-1,-1,-1,-1,-1,-1,-1,-1,-1,-1
Starlight Protector,Dreams &amp; Nightmares Case,Covert,MP9,-1,-1,-1,-1,-1,-1,-1,-1,-1,-1
Drop Me,Recoil Case,Mil-Spec,Negev,0.07,0.08,0.09,0.16,0.3,0.11,0.12,0.17,0.36,1.0
Destroyer,Recoil Case,Mil-Spec,Galil AR,0.08,0.08,0.09,0.16,0.28,0.15,0.2,0.17,0.46,0.85
Roadblock,Recoil Case,Mil-Spec,UMP-45,0.07,0.07,0.09,0.16,0.34,0.11,0.12,0.17,0.38,1.08
Monkeyflage,Recoil Case,Mil-Spec,MAC-10,0.08,0.08,0.09,0.16,0.3,0.11,0.12,0.17,0.38,1.04
Meow 36,Recoil Case,Mil-Spec,FAMAS,0.07,0.08,0.09,0.16,0.41,0.14,0.13,0.18,0.42,1.74
Winterized,Recoil Case,Mil-Spec,Glock-18,0.08,0.08,0.09,0.16,0.38,0.16,0.15,0.2,0.5,2.95
Poly Mag,Recoil Case,Mil-Spec,M4A4,0.09,0.08,0.09,0.16,0.54,0.15,0.15,0.23,0.7,3.25
Downtown,Recoil Case,Restricted,M249,0.57,0.7,0.7,1.29,2.41,0.95,1.2,1.27,3.22,6.99
Vent Rush,Recoil Case,Restricted,P90,0.57,0.62,0.7,1.26,2.39,1.05,1.16,1.22,3.1,6.32
Flora Carnivora,Recoil Case,Restricted,Dual Berettas,0.55,0.61,0.73,1.34,3.29,0.99,1.15,1.32,3.0,8.0
Dragon Tech,Recoil Case,Restricted,SG 553,0.59,0.66,0.73,1.32,2.42,1.22,1.65,1.32,3.39,7.03
Crazy 8,Recoil Case,Restricted,R8 Revolver,0.54,0.62,0.71,1.33,2.77,0.99,1.1,1.32,2.94,8.14
Visions,Recoil Case,Classified,P250,4.2,4.92,5.03,7.99,14.91,7.17,7.24,9.1,16.1,37.65
Kiss♥Love,Recoil Case,Classified,Sawed-Off,4.15,4.5,5.0,8.02,16.88,6.34,7.24,8.68,16.44,44.34
Ice Coaled,Recoil Case,Classified,AK-47,7.5,11.5,11.55,19.78,38.82,15.52,23.06,24.49,45.65,93.43
Chromatic Aberration,Recoil Case,Covert,AWP,12.32,17.63,16.44,29.99,46.23,23.72,50.42,27.16,66.76,118.26
Printstream,Recoil Case,Covert,USP-S,51.66,59.34,64.45,99.95,193.49,120.56,157.44,121.87,195.9,561.52
Featherweight,Revolution Case,Mil-Spec,MP9,0.11,0.08,0.12,0.19,0.46,0.23,0.18,0.27,0.58,2.19
Insomnia,Revolution Case,Mil-Spec,MAG-7,0.12,0.11,0.13,0.19,0.49,0.23,0.24,0.26,0.6,1.81
Fragments,Revolution Case,Mil-Spec,SCAR-20,0.11,0.11,0.12,0.19,0.41,0.2,0.24,0.26,0.54,1.12
Re.built,Revolution Case,Mil-Spec,P250,0.11,0.1,0.12,0.19,0.43,0.23,0.21,0.27,0.55,1.52
Liquidation,Revolution Case,Mil-Spec,MP5-SD,0.1,0.11,0.12,0.2,0.51,0.21,0.21,0.27,0.63,2.66
Cyberforce,Revolution Case,Mil-Spec,SG 553,0.11,0.11,0.12,0.18,0.49,0.21,0.24,0.27,0.6,2.27
Rebel,Revolution Case,Mil-Spec,Tec-9,0.11,0.11,0.11,0.19,0.46,0.23,0.2,0.26,0.53,1.7
Emphorosaur-S,Revolution Case,Restricted,M4A1-S,1.07,1.86,1.54,3.02,5.47,4.14,5.37,4.46,8.21,27.16
Umbral Rabbit,Revolution Case,Restricted,Glock-18,0.55,0.85,0.92,2.16,3.65,1.23,2.37,1.86,5.77,9.12
Sakkaku,Revolution Case,Restricted,MAC-10,0.6,0.95,1.87,-1,-1,1.51,2.24,4.9,-1,-1
Banana Cannon,Revolution Case,Restricted,R8 Revolver,0.55,0.7,0.81,1.86,3.77,1.1,1.26,1.64,3.72,9.05
Neoqueen,Revolution Case,Restricted,P90,1.84,1.01,0.95,1.8,3.14,4.9,2.69,1.98,4.4,8.21
Duality,Revolution Case,Classified,AWP,9.8,13.58,11.58,22.17,41.57,19.98,31.48,22.59,47.55,110.07
Wild Child,Revolution Case,Classified,UMP-45,3.33,4.38,6.62,13.71,30.27,5.88,8.0,9.93,26.24,70.96
Wicked Sick,Revolution Case,Classified,P2000,3.4,4.74,6.71,13.92,32.15,5.82,7.43,9.27,26.98,72.94
Head Shot,Revolution Case,Covert,AK-47,21.09,33.77,62.97,116.12,289.71,52.48,68.26,116.16,260.24,612.83
Temukau,Revolution Case,Covert,M4A4,17.55,34.77,40.25,143.3,362.14,37.32,64.28,76.47,277.62,739.28
